Rk,Name,Age,Tm,Lg,G,PA,AB,R,H,2B,3B,HR,RBI,SB,CS,BB,SO,BA,OBP,SLG,OPS,OPS+,TB,GDP,HBP,SH,SF,IBB,Pos Summary
1,Jose Abreu\abreujo02,32,CHW,AL,24,108,96,14,25,7,0,5,24,2,0,10,26,.260,.333,.490,.823,118,47,2,1,0,1,0,3/D
2,Ronald Acuna Jr.\acunaro01,21,ATL,NL,26,115,94,17,28,3,1,6,18,2,0,16,24,.298,.411,.543,.953,149,51,3,2,0,0,1,*7/8
3,Willy Adames\adamewi01,23,TBR,AL,25,94,86,12,18,4,1,1,4,1,0,7,28,.209,.277,.314,.591,60,27,1,1,0,0,0,*6
4,Austin Adams\adamsau02,28,WSN,NL,1,0,0,0,0,0,0,0,0,0,0,0,0,,,,,,0,0,0,0,0,0,/1
5,Matt Adams*\adamsma01,30,WSN,NL,22,40,39,4,11,5,0,2,12,0,0,0,16,.282,.275,.564,.839,109,22,1,0,0,1,0,/3
6,Ehire Adrianza#\adriaeh01,29,MIN,AL,12,36,31,4,5,0,0,0,1,0,0,1,6,.161,.250,.161,.411,14,5,0,3,0,1,0,/5463
7,Jesus Aguilar\aguilje01,29,MIL,NL,24,82,70,5,9,2,0,0,5,0,0,9,19,.129,.225,.157,.382,3,11,4,0,0,1,0,*3/5
8,Nick Ahmed\ahmedni01,29,ARI,NL,28,112,104,18,27,8,1,2,13,2,0,6,24,.260,.295,.413,.708,79,43,4,0,0,2,1,*6
9,Matt Albers*\alberma01,36,MIL,NL,9,0,0,0,0,0,0,0,0,0,0,0,0,,,,,,0,0,0,0,0,0,1
10,Hanser Alberto\alberha01,26,BAL,AL,21,70,67,2,20,1,0,1,7,1,0,2,8,.299,.314,.358,.672,82,24,0,0,0,1,0,45/71
11,Ozzie Albies#\albieoz01,22,ATL,NL,26,119,108,20,30,5,1,3,8,3,2,10,21,.278,.345,.426,.770,102,46,1,1,0,0,0,*4
12,Sandy Alcantara\alcansa01,23,MIA,NL,4,7,7,0,1,0,0,0,0,0,0,0,4,.143,.143,.143,.286,-20,1,0,0,0,0,0,/1
13,Scott Alexander*\alexasc02,29,LAD,NL,15,0,0,0,0,0,0,0,0,0,0,0,0,,,,,,0,0,0,0,0,0,1
14,Jorge Alfaro\alfarjo01,26,MIA,NL,21,79,74,9,22,0,0,5,9,0,2,2,28,.297,.342,.500,.842,130,37,1,3,0,0,0,*2
15,Anthony Alford\alforan01,24,TOR,AL,1,3,3,0,0,0,0,0,0,0,0,0,1,.000,.000,.000,.000,-100,0,0,0,0,0,0,/8
16,Cody Allen\allenco01,30,LAA,AL,1,1,1,0,0,0,0,0,0,0,0,0,1,.000,.000,.000,.000,-100,0,0,0,0,0,0,1
17,Greg Allen#\allengr01,26,CLE,AL,19,42,38,4,4,2,0,0,6,0,0,2,14,.105,.167,.158,.325,-14,6,0,1,0,1,0,/798
18,Yency Almonte#\almonye01,25,COL,NL,3,1,1,0,0,0,0,0,0,0,0,0,0,.000,.000,.000,.000,-100,0,0,0,0,0,0,/1
19,Albert Almora\almoral01,25,CHC,NL,23,68,61,6,15,1,0,1,5,2,0,5,10,.246,.313,.311,.625,64,19,1,1,1,0,2,*8
20,Pete Alonso\alonspe01,24,NYM,NL,26,109,94,19,29,8,0,9,24,0,0,13,30,.309,.404,.681,1.085,190,64,2,2,0,0,0,*3
21,Yonder Alonso*\alonsyo01,32,CHW,AL,24,96,81,12,15,3,0,4,11,0,0,15,14,.185,.313,.370,.683,84,30,2,0,0,0,1,D/3
22,Aaron Altherr\altheaa01,28,PHI,NL,20,28,27,1,1,1,0,0,1,0,0,1,8,.037,.071,.074,.146,-62,2,1,0,0,0,0,/8971
23,Jose Altuve\altuvjo01,29,HOU,AL,27,116,101,14,27,2,0,9,20,1,2,14,19,.267,.353,.554,.908,140,56,4,0,0,1,0,*4/D
24,Jose Alvarado*\alvarjo03,24,TBR,AL,2,0,0,0,0,0,0,0,0,0,0,0,0,,,,,,0,0,0,0,0,0,1
25,Jose Alvarez*\alvarjo02,30,PHI,NL,11,0,0,0,0,0,0,0,0,0,0,0,0,,,,,,0,0,0,0,0,0,1
26,Brian Anderson\anderbr06,26,MIA,NL,26,113,100,5,24,4,0,2,5,3,0,13,25,.240,.327,.340,.667,86,34,1,0,0,0,0,*5/9
27,Chase Anderson\anderch01,31,MIL,NL,6,5,5,0,0,0,0,0,0,0,0,0,5,.000,.000,.000,.000,-100,0,0,0,0,0,0,/1
28,Drew Anderson\anderdr02,25,PHI,NL,2,1,1,0,0,0,0,0,0,0,0,0,1,.000,.000,.000,.000,-100,0,0,0,0,0,0,/1
29,Nick Anderson\anderni01,28,MIA,NL,10,0,0,0,0,0,0,0,0,0,0,0,0,,,,,,0,0,0,0,0,0,1
30,Tim Anderson\anderti01,26,CHW,AL,21,90,87,20,35,5,0,5,16,10,0,2,17,.402,.422,.632,1.054,180,55,2,1,0,0,0,*6
31,Tyler Anderson*\anderty01,29,COL,NL,3,4,4,1,1,0,0,0,0,0,0,0,2,.250,.250,.250,.500,24,1,0,0,0,0,0,/1
32,Matt Andriese\andrima01,29,ARI,NL,9,2,2,0,0,0,0,0,0,0,0,0,1,.000,.000,.000,.000,-100,0,0,0,0,0,0,/1
33,Elvis Andrus\andruel01,30,TEX,AL,25,109,99,16,36,7,1,4,18,5,1,8,21,.364,.422,.576,.998,153,57,3,2,0,0,0,*6/D
34,Miguel Andujar\andujmi01,24,NYY,AL,3,14,13,1,3,0,0,0,1,0,0,0,2,.231,.214,.231,.445,18,3,2,0,0,1,0,/5D
35,Victor Arano\aranovi01,24,PHI,NL,3,0,0,0,0,0,0,0,0,0,0,0,0,,,,,,0,0,0,0,0,0,/1
36,Chris Archer\archech01,30,PIT,NL,5,10,9,0,1,0,0,0,0,0,0,0,5,.111,.111,.111,.222,-40,1,0,0,1,0,0,/1
37,Orlando Arcia\arciaor01,24,MIL,NL,27,96,89,12,20,2,1,4,10,0,0,7,23,.225,.281,.404,.686,76,36,4,0,0,0,2,*6
38,Nolan Arenado\arenano01,28,COL,NL,26,116,106,19,31,6,1,6,20,1,1,8,9,.292,.336,.538,.874,110,57,2,0,0,2,1,*5
39,Jake Arrieta\arrieja01,33,PHI,NL,6,15,13,1,1,0,0,0,1,0,0,0,5,.077,.077,.077,.154,-59,1,0,0,2,0,0,/1
40,Christian Arroyo\arroych01,24,TBR,AL,5,12,11,0,3,0,0,0,2,0,0,1,7,.273,.333,.273,.606,68,3,0,0,0,0,0,/5
41,Willians Astudillo\astudwi01,27,MIN,AL,16,53,49,11,16,4,0,2,7,0,0,1,1,.327,.340,.531,.870,127,26,4,1,0,2,0,/32597
42,Tyler Austin\austity01,27,TOT,MLB,10,30,25,5,7,1,0,0,1,0,0,5,13,.280,.400,.320,.720,99,8,0,0,0,0,0,/37
43,Tyler Austin\austity01,27,MIN,AL,2,5,4,1,1,1,0,0,0,0,0,1,3,.250,.400,.500,.900,138,2,0,0,0,0,0,/3
44,Tyler Austin\austity01,27,SFG,NL,8,25,21,4,6,0,0,0,1,0,0,4,10,.286,.400,.286,.686,91,6,0,0,0,0,0,/37
45,Alex Avila*\avilaal01,32,ARI,NL,6,21,15,5,5,1,0,2,5,0,0,6,5,.333,.524,.800,1.324,233,12,0,0,0,0,1,/2
46,Pedro Avila\avilape01,22,SDP,NL,1,2,1,0,0,0,0,0,0,0,0,0,0,.000,.000,.000,.000,-100,0,0,0,1,0,0,/1
47,Luis Avilan*\avilalu01,29,NYM,NL,10,0,0,0,0,0,0,0,0,0,0,0,0,,,,,,0,0,0,0,0,0,1
48,Harrison Bader\baderha01,25,STL,NL,16,54,42,6,8,1,0,2,6,0,1,8,16,.190,.358,.357,.716,93,15,0,3,1,0,1,8
49,Javier Baez\baezja01,26,CHC,NL,25,111,105,23,35,7,1,9,22,2,1,6,29,.333,.369,.676,1.046,163,71,1,0,0,0,1,*6
50,Pedro Baez\baezpe01,31,LAD,NL,14,0,0,0,0,0,0,0,0,0,0,0,0,,,,,,0,0,0,0,0,0,1
51,Luke Bard\bardlu01,28,LAA,AL,1,0,0,0,0,0,0,0,0,0,0,0,0,,,,,,0,0,0,0,0,0,/1
52,Austin Barnes\barneau01,29,LAD,NL,23,79,65,12,14,2,0,3,8,1,0,12,15,.215,.342,.385,.726,94,25,3,1,0,1,1,*2
53,Jacob Barnes\barneja01,29,MIL,NL,10,0,0,0,0,0,0,0,0,0,0,0,0,,,,,,0,0,0,0,0,0,1
54,Matt Barnes\barnema01,29,BOS,AL,1,1,1,0,0,0,0,0,0,0,0,0,1,.000,.000,.000,.000,-100,0,0,0,0,0,0,1
55,Tucker Barnhart#\barnhtu01,28,CIN,NL,21,68,58,7,12,2,0,2,4,0,0,10,16,.207,.324,.345,.668,75,20,1,0,0,0,1,*2
56,Kyle Barraclough\barraky01,29,WSN,NL,13,0,0,0,0,0,0,0,0,0,0,0,0,,,,,,0,0,0,0,0,0,1
57,Franklin Barreto\barrefr02,23,OAK,AL,1,0,0,0,0,0,0,0,0,0,0,0,0,,,,,,0,0,0,0,0,0,
58,Jake Bauers*\bauerja01,23,CLE,AL,24,91,80,11,18,3,0,3,10,1,1,11,19,.225,.319,.375,.694,82,30,1,0,0,0,0,7/D3
59,Gordon Beckham\beckhgo01,32,DET,AL,13,43,37,7,9,3,0,3,4,1,0,5,14,.243,.349,.568,.916,138,21,2,1,0,0,0,/6354
60,Tim Beckham\beckhti01,29,SEA,AL,28,113,101,17,29,7,0,6,19,1,2,11,34,.287,.363,.535,.897,142,54,1,1,0,0,0,*6
61,Jalen Beeks*\beeksja02,25,TBR,AL,1,0,0,0,0,0,0,0,0,0,0,0,0,,,,,,0,0,0,0,0,0,/1
62,Josh Bell#\belljo02,26,PIT,NL,25,103,89,16,24,6,2,6,18,0,1,11,23,.270,.350,.584,.934,144,52,1,1,0,2,1,*3/D
63,Cody Bellinger*\bellico01,23,LAD,NL,28,120,100,29,42,6,1,13,33,5,3,17,13,.420,.500,.890,1.390,259,89,2,1,0,2,2,*93
64,Brandon Belt*\beltbr01,31,SFG,NL,27,102,88,10,20,6,1,5,11,1,1,12,25,.227,.333,.489,.822,118,43,0,2,0,0,0,*3/79
65,Andrew Benintendi*\beninan01,24,BOS,AL,24,105,89,11,26,7,1,2,13,2,1,11,23,.292,.375,.461,.836,119,41,0,2,1,2,0,*7/D
66,Travis Bergen*\bergetr01,25,SFG,NL,10,0,0,0,0,0,0,0,0,0,0,0,0,,,,,,0,0,0,0,0,0,1
67,Jose Berrios\berrijo01,25,MIN,AL,1,2,2,0,0,0,0,0,0,0,0,0,2,.000,.000,.000,.000,-100,0,0,0,0,0,0,/1
68,Jon Berti\bertijo01,29,MIA,NL,6,17,14,3,2,0,0,0,2,0,0,2,6,.143,.235,.143,.378,9,2,0,0,0,1,0,/5
69,Chad Bettis\bettich01,30,COL,NL,5,4,2,0,0,0,0,0,0,0,0,0,1,.000,.000,.000,.000,-100,0,0,0,2,0,0,/1
70,Mookie Betts\bettsmo01,26,BOS,AL,27,119,101,20,27,7,0,5,13,1,0,16,19,.267,.370,.485,.855,123,49,3,1,0,1,3,*9/8
71,Joe Biagini\biagijo01,29,TOR,AL,1,0,0,0,0,0,0,0,0,0,0,0,0,,,,,,0,0,0,0,0,0,1
72,Jesse Biddle*\biddlje01,27,ATL,NL,12,0,0,0,0,0,0,0,0,0,0,0,0,,,,,,0,0,0,0,0,0,1
73,Greg Bird*\birdgr01,26,NYY,AL,10,41,35,6,6,0,0,1,1,0,0,6,16,.171,.293,.257,.550,48,9,1,0,0,0,0,3
74,Kyle Bird*\birdky01,26,TEX,AL,1,0,0,0,0,0,0,0,0,0,0,0,0,,,,,,0,0,0,0,0,0,/1
75,Braden Bishop\bishobr01,25,SEA,AL,1,1,1,0,0,0,0,0,0,0,0,0,1,.000,.000,.000,.000,-100,0,0,0,0,0,0,/8
76,Charlie Blackmon*\blackch02,32,COL,NL,26,124,114,13,31,6,3,3,14,1,1,7,22,.272,.323,.456,.779,89,52,2,2,0,1,0,*9/D
77,Xander Bogaerts\bogaexa01,26,BOS,AL,26,110,95,17,27,7,0,4,14,0,0,14,21,.284,.373,.484,.857,124,46,2,0,0,1,0,*6
78,David Bote\boteda01,26,CHC,NL,23,63,54,10,16,5,0,3,14,0,0,7,12,.296,.397,.556,.952,144,30,1,2,0,0,0,5/46
79,Justin Bour*\bourju01,31,LAA,AL,21,84,74,6,13,3,0,2,10,0,0,9,23,.176,.274,.297,.571,54,22,5,1,0,0,0,*3/D
80,Peter Bourjos\bourjpe01,32,LAA,AL,22,46,44,4,4,1,0,0,2,2,0,1,15,.091,.109,.114,.222,-40,5,1,0,0,1,0,*8/7D4
81,Brad Boxberger\boxbebr01,31,KCR,AL,1,0,0,0,0,0,0,0,0,0,0,0,0,,,,,,0,0,0,0,0,0,1
82,Brad Brach\brachbr01,33,CHC,NL,9,1,0,0,0,0,0,0,0,0,0,0,0,,,,,,0,0,0,1,0,0,1
83,Chasen Bradford\bradfch02,29,SEA,AL,1,0,0,0,0,0,0,0,0,0,0,0,0,,,,,,0,0,0,0,0,0,/1
84,Archie Bradley\bradlar01,26,ARI,NL,10,0,0,0,0,0,0,0,0,0,0,0,0,,,,,,0,0,0,0,0,0,1
85,Jackie Bradley Jr.*\bradlja02,29,BOS,AL,23,88,77,5,11,2,0,0,4,2,0,9,25,.143,.230,.169,.399,8,13,3,0,1,1,0,*8
86,Michael Brantley*\brantmi02,32,HOU,AL,27,115,105,14,33,6,0,5,18,3,1,8,13,.314,.365,.514,.880,134,54,4,1,0,1,1,*7/D
87,Ryan Brasier\brasiry01,31,BOS,AL,2,0,0,0,0,0,0,0,0,0,0,0,0,,,,,,0,0,0,0,0,0,1
88,Steven Brault*\braulst01,27,PIT,NL,3,2,2,0,1,0,0,0,0,0,0,0,1,.500,.500,.500,1.000,170,1,0,0,0,0,0,/1
89,Ryan Braun\braunry02,35,MIL,NL,25,95,88,10,18,3,0,5,16,1,0,5,24,.205,.255,.409,.664,69,36,3,1,0,0,0,*7/D
90,John Brebbia*\brebbjo01,29,STL,NL,12,0,0,0,0,0,0,0,0,0,0,0,0,,,,,,0,0,0,0,0,0,1
91,Alex Bregman\bregmal01,25,HOU,AL,25,108,86,13,25,5,0,4,13,2,0,18,14,.291,.417,.488,.905,144,42,3,2,0,2,0,*5/6D
92,Brandon Brennan\brennbr01,27,SEA,AL,1,0,0,0,0,0,0,0,0,0,0,0,0,,,,,,0,0,0,0,0,0,1
93,Colten Brewer\breweco01,26,BOS,AL,1,0,0,0,0,0,0,0,0,0,0,0,0,,,,,,0,0,0,0,0,0,1
94,Austin Brice\briceau01,27,MIA,NL,6,0,0,0,0,0,0,0,0,0,0,0,0,,,,,,0,0,0,0,0,0,/1
95,Lewis Brinson\brinsle01,25,MIA,NL,26,79,73,4,14,5,0,0,4,0,1,2,27,.192,.244,.260,.504,41,19,2,3,1,0,0,*8
96,Socrates Brito*\britoso01,26,TOR,AL,12,31,27,4,2,0,1,0,2,0,0,4,11,.074,.194,.148,.342,-5,4,1,0,0,0,0,/987
97,Zack Britton*\brittza01,31,NYY,AL,1,0,0,0,0,0,0,0,0,0,0,0,0,,,,,,0,0,0,0,0,0,1
98,Keon Broxton\broxtke01,29,NYM,NL,21,42,38,4,6,0,0,0,2,4,1,4,17,.158,.238,.158,.396,13,6,0,0,0,0,0,*7/89
99,Jay Bruce*\bruceja01,32,SEA,AL,24,94,83,15,16,3,0,9,16,0,0,9,29,.193,.277,.554,.831,120,46,0,1,0,1,0,3/9D7
100,Kris Bryant\bryankr01,27,CHC,NL,24,108,90,16,21,9,0,2,10,1,0,14,21,.233,.361,.400,.761,98,36,1,4,0,0,0,*5/79
101,Walker Buehler\buehlwa01,24,LAD,NL,5,9,8,1,1,0,0,1,1,0,0,0,4,.125,.125,.500,.625,54,4,0,0,1,0,0,/1
102,Madison Bumgarner\bumgama01,29,SFG,NL,6,13,13,1,3,0,0,1,2,0,0,0,7,.231,.231,.462,.692,80,6,0,0,0,0,0,/1
103,Nick Burdi\burdini01,26,PIT,NL,10,0,0,0,0,0,0,0,0,0,0,0,0,,,,,,0,0,0,0,0,0,1
104,Corbin Burnes\burneco01,24,MIL,NL,4,7,6,0,2,0,0,0,0,0,0,0,1,.333,.333,.333,.667,76,2,0,0,1,0,0,/1
105,Drew Butera\buterdr01,35,COL,NL,6,17,15,4,3,2,0,0,0,0,0,1,3,.200,.250,.333,.583,42,5,0,0,1,0,0,/23
106,Ty Buttrey*\buttrty01,26,LAA,AL,1,0,0,0,0,0,0,0,0,0,0,0,0,,,,,,0,0,0,0,0,0,1
107,Byron Buxton\buxtoby01,25,MIN,AL,22,77,71,11,19,12,1,0,9,6,1,5,18,.268,.325,.465,.789,107,33,1,1,0,0,1,*8/D
108,Asdrubal Cabrera#\cabreas01,33,TEX,AL,22,84,76,14,18,2,0,6,17,0,0,7,20,.237,.298,.500,.798,99,38,5,0,0,1,0,*5
109,Melky Cabrera#\cabreme01,34,PIT,NL,24,79,76,5,23,4,0,1,4,1,0,3,10,.303,.329,.395,.724,93,30,0,0,0,0,1,*9/7D
110,Miguel Cabrera\cabremi01,36,DET,AL,25,109,96,9,28,5,0,1,10,0,0,11,27,.292,.367,.375,.742,99,36,3,1,0,1,0,D3
111,Trevor Cahill\cahiltr01,31,LAA,AL,1,1,1,0,0,0,0,0,0,0,0,0,1,.000,.000,.000,.000,-100,0,0,0,0,0,0,/1
112,Lorenzo Cain\cainlo01,33,MIL,NL,27,121,109,21,31,7,0,3,9,3,2,9,22,.284,.347,.431,.778,102,47,4,2,0,1,0,*8
113,Kole Calhoun*\calhoko01,31,LAA,AL,26,113,100,17,21,5,0,7,16,0,1,13,29,.210,.301,.470,.771,103,47,0,0,0,0,1,*9
114,Johan Camargo#\camarjo01,25,ATL,NL,21,60,55,5,13,4,0,1,10,1,0,5,11,.236,.300,.364,.664,75,20,2,0,0,0,1,/57694
115,Jeimer Candelario#\candeje01,25,DET,AL,24,105,92,13,22,5,1,0,5,1,1,12,27,.239,.333,.315,.649,75,29,0,1,0,0,1,*5/D
116,Mark Canha\canhama01,30,OAK,AL,17,50,37,8,8,1,0,2,4,0,0,11,11,.216,.400,.405,.805,121,15,0,1,0,1,0,3/87D
117,Robinson Cano*\canoro01,36,NYM,NL,25,108,100,9,27,7,0,3,11,0,0,7,22,.270,.324,.430,.754,105,43,2,1,0,0,0,*4
118,Victor Caratini#\caratvi01,25,CHC,NL,6,17,14,4,8,3,0,1,5,0,0,3,4,.571,.647,1.000,1.647,319,14,0,0,0,0,0,/23
119,Shane Carle\carlesh01,27,ATL,NL,4,1,1,0,0,0,0,0,0,0,0,0,1,.000,.000,.000,.000,-100,0,0,0,0,0,0,/1
120,Matt Carpenter*\carpema01,33,STL,NL,26,115,96,17,21,5,1,3,5,1,1,18,24,.219,.339,.385,.725,94,37,1,0,0,1,0,*5
121,Curt Casali\casalcu01,30,CIN,NL,16,38,36,3,11,5,0,0,5,0,0,2,12,.306,.342,.444,.787,103,16,0,0,0,0,0,2/3
122,Nicholas Castellanos\casteni01,27,DET,AL,22,100,90,14,24,8,1,2,8,1,0,9,27,.267,.330,.444,.774,104,40,0,0,0,1,0,*9/D
123,Diego Castillo\castidi01,25,TBR,AL,2,1,1,0,0,0,0,0,0,0,0,0,1,.000,.000,.000,.000,-100,0,0,0,0,0,0,1
124,Luis Castillo\castilu02,26,CIN,NL,6,12,11,1,1,0,0,0,0,0,0,0,6,.091,.091,.091,.182,-52,1,0,0,1,0,0,/1
125,Welington Castillo\castiwe01,32,CHW,AL,15,56,45,2,8,1,0,2,6,0,0,9,10,.178,.339,.333,.673,84,15,2,2,0,0,0,2/D
126,Jason Castro*\castrja01,32,MIN,AL,12,36,28,7,6,1,0,2,4,0,0,8,8,.214,.389,.464,.853,127,13,0,0,0,0,0,2
127,Starlin Castro\castrst01,29,MIA,NL,27,114,105,11,28,1,0,3,9,1,0,9,18,.267,.325,.362,.686,91,38,6,0,0,0,0,*4
128,Jake Cave*\caveja01,26,MIN,AL,12,34,30,1,7,1,0,0,3,0,0,4,6,.233,.324,.267,.590,61,8,1,0,0,0,0,/97D
129,Francisco Cervelli\cervefr01,33,PIT,NL,23,87,80,9,14,2,0,1,4,0,0,6,24,.175,.241,.238,.479,29,19,2,1,0,0,0,*2/3
130,Luis Cessa\cessalu01,27,NYY,AL,1,1,1,0,0,0,0,0,0,0,0,0,1,.000,.000,.000,.000,-100,0,0,0,0,0,0,/1
131,Jhoulys Chacin\chacijh01,31,MIL,NL,5,8,7,2,3,0,0,1,1,0,0,1,2,.429,.500,.857,1.357,244,6,0,0,0,0,0,/1
132,Andrew Chafin\chafian01,29,ARI,NL,12,0,0,0,0,0,0,0,0,0,0,0,0,,,,,,0,0,0,0,0,0,1
133,Aroldis Chapman*\chapmar01,31,NYY,AL,2,0,0,0,0,0,0,0,0,0,0,0,0,,,,,,0,0,0,0,0,0,1
134,Matt Chapman\chapmma01,26,OAK,AL,29,116,98,14,29,6,0,8,18,0,1,14,13,.296,.388,.602,.990,164,59,1,2,0,2,0,*5
135,JT Chargois#\chargjt01,28,LAD,NL,2,0,0,0,0,0,0,0,0,0,0,0,0,,,,,,0,0,0,0,0,0,/1
136,Tyler Chatwood\chatwty01,29,CHC,NL,5,2,2,0,0,0,0,0,0,0,0,0,1,.000,.000,.000,.000,-100,0,0,0,0,0,0,/1
137,Jesse Chavez\chaveje01,35,TEX,AL,1,0,0,0,0,0,0,0,0,0,0,0,0,,,,,,0,0,0,0,0,0,1
138,Michael Chavis\chavimi01,23,BOS,AL,7,27,20,4,4,1,0,2,4,1,1,6,7,.200,.407,.550,.957,149,11,2,1,0,0,0,/45
139,Wei-Yin Chen\chenwe02,33,MIA,NL,7,0,0,0,0,0,0,0,0,0,0,0,0,,,,,,0,0,0,0,0,0,/1
140,Robinson Chirinos\chiriro01,35,HOU,AL,20,74,61,10,17,7,0,2,9,0,0,8,21,.279,.370,.492,.862,130,30,1,2,1,2,0,*2
141,Yonny Chirinos\chiriyo01,25,TBR,AL,1,2,2,0,0,0,0,0,0,0,0,0,2,.000,.000,.000,.000,-100,0,0,0,0,0,0,/1
142,Ji-Man Choi*\choiji01,28,TBR,AL,19,75,63,9,18,5,1,1,6,1,2,9,16,.286,.387,.444,.831,125,28,0,2,0,1,0,*3
143,Shin-Soo Choo*\choosh01,36,TEX,AL,25,106,91,18,29,11,2,2,9,2,1,13,20,.319,.415,.549,.965,145,50,0,2,0,0,0,D/79
144,Steve Cishek\cishest01,33,CHC,NL,9,1,1,0,0,0,0,0,0,0,0,0,0,.000,.000,.000,.000,-100,0,0,0,0,0,0,1
145,Nick Ciuffo*\ciuffni01,24,TBR,AL,1,1,1,0,0,0,0,0,0,0,0,0,0,.000,.000,.000,.000,-100,0,0,0,0,0,0,/2
146,Taylor Clarke\clarkta01,26,ARI,NL,1,1,1,0,1,0,0,0,0,0,0,0,0,1.000,1.000,1.000,2.000,419,1,0,0,0,0,0,/1
147,Alex Claudio*\claudal01,27,MIL,NL,13,0,0,0,0,0,0,0,0,0,0,0,0,,,,,,0,0,0,0,0,0,1
148,Tim Collins*\colliti01,29,CHC,NL,4,0,0,0,0,0,0,0,0,0,0,0,0,,,,,,0,0,0,0,0,0,/1
149,Michael Conforto*\confomi01,26,NYM,NL,26,118,96,19,26,7,0,6,13,2,0,19,24,.271,.398,.531,.930,153,51,1,2,0,1,1,*9
150,Adam Conley*\conlead01,29,MIA,NL,11,0,0,0,0,0,0,0,0,0,0,0,0,,,,,,0,0,0,0,0,0,1
151,Willson Contreras\contrwi01,27,CHC,NL,23,87,70,15,20,5,0,6,16,0,1,13,24,.286,.425,.614,1.040,166,43,2,4,0,0,1,*2
152,Garrett Cooper\coopega03,28,MIA,NL,3,7,7,0,0,0,0,0,0,0,0,0,1,.000,.000,.000,.000,-100,0,0,0,0,0,0,/9
153,Patrick Corbin*\corbipa01,29,WSN,NL,5,11,9,1,3,0,0,0,1,0,0,0,5,.333,.333,.333,.667,74,3,0,0,2,0,0,/1
154,Ryan Cordell\cordery01,27,CHW,AL,12,34,31,5,8,2,0,2,5,1,0,2,9,.258,.324,.516,.840,122,16,1,1,0,0,0,9
155,Franchy Cordero*\cordefr02,24,SDP,NL,9,20,15,2,5,1,0,0,1,1,0,4,7,.333,.450,.400,.850,135,6,0,0,0,1,0,/89
156,Carlos Correa\correca01,24,HOU,AL,24,103,94,12,26,8,0,6,15,1,0,8,29,.277,.340,.553,.893,135,52,3,1,0,0,0,*6
157,Zack Cozart\cozarza01,33,LAA,AL,23,70,64,2,7,1,0,0,4,0,0,2,13,.109,.157,.125,.282,-22,8,1,2,0,2,0,*5/46
158,Dylan Cozens*\cozendy01,25,PHI,NL,1,1,1,0,0,0,0,0,0,0,0,0,0,.000,.000,.000,.000,-100,0,0,0,0,0,0,
159,Brandon Crawford*\crawfbr01,32,SFG,NL,27,101,92,5,19,2,0,0,2,1,1,8,26,.207,.277,.228,.505,40,21,1,1,0,0,1,*6
160,Kyle Crick*\crickky01,26,PIT,NL,6,0,0,0,0,0,0,0,0,0,0,0,0,,,,,,0,0,0,0,0,0,/1
161,C.J. Cron\croncj01,29,MIN,AL,22,80,76,9,19,3,0,5,14,0,0,4,14,.250,.288,.487,.774,101,37,1,0,0,0,0,*3
162,Nelson Cruz\cruzne02,38,MIN,AL,20,83,70,14,22,5,0,5,15,0,0,10,18,.314,.422,.600,1.022,168,42,2,3,0,0,1,*D
163,Noel Cuevas\cuevano01,27,COL,NL,1,2,2,0,0,0,0,0,0,0,0,0,0,.000,.000,.000,.000,-100,0,0,0,0,0,0,/7
164,Charlie Culberson\culbech01,30,ATL,NL,11,11,11,2,5,2,0,2,6,0,0,0,4,.455,.455,1.182,1.636,310,13,0,0,0,0,0,/35
165,Travis d'Arnaud\darnatr01,30,NYM,NL,10,25,23,2,2,0,0,0,2,0,0,2,5,.087,.160,.087,.247,-29,2,1,0,0,0,0,/2
166,David Dahl*\dahlda01,25,COL,NL,19,76,69,11,25,8,2,2,7,0,2,5,23,.362,.400,.623,1.023,147,43,3,0,1,1,0,*7/8
167,Yu Darvish\darviyu01,32,CHC,NL,5,10,10,0,0,0,0,0,0,0,0,0,7,.000,.000,.000,.000,-100,0,0,0,0,0,0,/1
168,Zach Davies\davieza02,26,MIL,NL,6,11,10,0,1,0,0,0,0,0,0,1,5,.100,.182,.100,.282,-23,1,0,0,0,0,0,/1
169,Austin Davis*\davisau01,26,PHI,NL,1,0,0,0,0,0,0,0,0,0,0,0,0,,,,,,0,0,0,0,0,0,/1
170,Chris Davis*\davisch02,33,BAL,AL,21,68,62,5,9,3,0,2,10,0,0,6,26,.145,.221,.290,.511,37,18,0,0,0,0,1,*3/D1
171,J.D. Davis\davisjd01,26,NYM,NL,22,72,61,11,17,3,0,3,7,0,0,11,12,.279,.389,.475,.864,137,29,0,0,0,0,0,*5
172,Khris Davis\daviskh01,31,OAK,AL,28,115,106,14,23,1,0,10,22,0,0,8,30,.217,.278,.509,.788,108,54,2,1,0,0,2,*D
173,Taylor Davis\davista01,29,CHC,NL,2,5,5,0,0,0,0,0,0,0,0,0,2,.000,.000,.000,.000,-100,0,0,0,0,0,0,/2
174,Wade Davis\daviswa01,33,COL,NL,11,0,0,0,0,0,0,0,0,0,0,0,0,,,,,,0,0,0,0,0,0,1
175,Yonathan Daza\dazayo01,25,COL,NL,3,12,11,0,0,0,0,0,0,0,0,1,4,.000,.083,.000,.083,-76,0,0,0,0,0,0,/79
176,Chase De Jong*\dejonch01,25,MIN,AL,1,0,0,0,0,0,0,0,0,0,0,0,0,,,,,,0,0,0,0,0,0,/1
177,Enyel De Los Santos\delosen01,23,PHI,NL,1,0,0,0,0,0,0,0,0,0,0,0,0,,,,,,0,0,0,0,0,0,/1
178,Austin Dean\deanau01,25,MIA,NL,6,23,22,3,5,2,0,1,6,0,0,0,9,.227,.217,.455,.672,79,10,1,0,0,1,0,/97
179,Jacob deGrom*\degroja01,31,NYM,NL,5,9,9,1,1,0,0,1,1,0,0,0,4,.111,.111,.444,.556,42,4,0,0,0,0,0,/1
180,Paul DeJong\dejonpa01,25,STL,NL,26,116,107,23,37,11,1,5,13,2,0,7,20,.346,.397,.607,1.004,163,65,0,2,0,0,0,*6
181,Nicky Delmonico*\delmoni01,26,CHW,AL,4,11,10,1,2,1,0,0,1,0,0,1,3,.200,.273,.300,.573,55,3,1,0,0,0,0,/7
182,Daniel Descalso*\descada01,32,CHC,NL,22,76,67,11,19,5,0,1,10,1,1,9,17,.284,.368,.403,.771,101,27,0,0,0,0,0,4/D
183,Anthony DeSclafani\desclan01,29,CIN,NL,5,8,7,0,0,0,0,0,0,0,0,0,4,.000,.000,.000,.000,-100,0,0,0,1,0,0,/1
184,Delino DeShields\deshide02,26,TEX,AL,23,86,69,8,13,3,1,1,9,7,1,14,17,.188,.333,.304,.638,66,21,3,1,2,0,0,*8
185,Ian Desmond\desmoia01,33,COL,NL,24,88,83,5,15,6,0,1,10,0,0,4,24,.181,.216,.289,.505,23,24,2,0,0,1,0,*8
186,Rafael Devers*\deverra01,22,BOS,AL,27,105,90,13,25,6,0,0,7,3,2,13,17,.278,.375,.344,.719,92,31,1,1,1,0,0,*5
187,Aledmys Diaz\diazal02,28,HOU,AL,12,36,35,5,8,1,1,2,8,0,0,1,6,.229,.250,.486,.736,92,17,2,0,0,0,0,/3465D
188,Edwin Diaz\diazed04,25,NYM,NL,11,0,0,0,0,0,0,0,0,0,0,0,0,,,,,,0,0,0,0,0,0,1
189,Elias Diaz\diazel01,28,PIT,NL,3,8,8,0,1,0,0,0,1,0,0,0,1,.125,.125,.125,.250,-32,1,0,0,0,0,0,/2
190,Yandy Diaz\diazya01,27,TBR,AL,24,105,86,17,24,4,0,7,14,1,0,16,19,.279,.381,.570,.951,153,49,5,0,0,3,0,5/3D
191,Corey Dickerson*\dickeco01,30,PIT,NL,4,16,13,1,2,1,0,1,2,0,0,3,3,.154,.313,.462,.774,104,6,1,0,0,0,0,/7
192,Derek Dietrich*\dietrde01,29,CIN,NL,25,60,51,8,11,1,1,5,14,0,1,5,11,.216,.317,.569,.885,124,29,0,3,0,1,0,4/37
193,Wilmer Difo#\difowi01,27,WSN,NL,21,77,69,10,17,2,0,2,6,0,0,7,17,.246,.316,.362,.678,76,25,2,0,1,0,1,*6/4
194,Brandon Dixon\dixonbr01,27,DET,AL,5,15,14,0,6,2,0,0,4,0,0,1,3,.429,.467,.571,1.038,175,8,0,0,0,0,0,/3D
195,Seranthony Dominguez\dominse01,24,PHI,NL,12,1,1,0,0,0,0,0,0,0,0,0,1,.000,.000,.000,.000,-100,0,0,0,0,0,0,1
196,Josh Donaldson\donaljo02,33,ATL,NL,26,110,92,18,24,8,0,4,10,0,1,17,29,.261,.382,.478,.860,126,44,4,1,0,0,0,*5/D
197,Sean Doolittle*\doolise01,32,WSN,NL,13,2,2,0,0,0,0,0,0,0,0,0,2,.000,.000,.000,.000,-100,0,0,0,0,0,0,1
198,Brian Dozier\doziebr01,32,WSN,NL,23,87,75,8,13,1,0,4,6,1,1,11,26,.173,.287,.347,.634,64,26,3,1,0,0,0,*4
199,Hunter Dozier\doziehu01,27,KCR,AL,23,95,80,13,28,4,2,7,16,0,1,13,18,.350,.442,.713,1.155,202,57,0,1,0,1,1,*5/D
200,Brandon Drury\drurybr01,26,TOR,AL,24,97,91,9,19,5,1,3,5,0,0,5,34,.209,.258,.385,.642,71,35,1,1,0,0,0,*5/4
201,Lucas Duda*\dudalu01,33,KCR,AL,18,56,46,3,8,1,0,2,8,0,0,9,13,.174,.304,.326,.630,69,15,1,0,0,1,1,D/3
202,Steven Duggar*\duggast01,25,SFG,NL,25,112,103,10,23,5,0,3,11,1,2,6,34,.223,.268,.359,.627,67,37,0,1,0,2,0,*9/8
203,Zach Duke*\dukeza01,36,CIN,NL,14,0,0,0,0,0,0,0,0,0,0,0,0,,,,,,0,0,0,0,0,0,1
204,Mike Dunn*\dunnmi01,34,COL,NL,12,0,0,0,0,0,0,0,0,0,0,0,0,,,,,,0,0,0,0,0,0,1
205,Jon Duplantier*\duplajo01,24,ARI,NL,2,1,1,0,0,0,0,0,0,0,0,0,1,.000,.000,.000,.000,-100,0,0,0,0,0,0,/1
206,Jarrod Dyson*\dysonja01,34,ARI,NL,22,71,60,13,19,1,1,3,8,3,1,10,12,.317,.408,.517,.925,136,31,0,0,0,1,0,*8/7
207,Sam Dyson\dysonsa01,31,SFG,NL,10,0,0,0,0,0,0,0,0,0,0,0,0,,,,,,0,0,0,0,0,0,1
208,Adam Eaton*\eatonad02,30,WSN,NL,24,115,104,17,31,4,1,1,6,4,1,9,21,.298,.365,.385,.750,95,40,1,2,0,0,0,*9
209,Carl Edwards Jr.\edwarca01,27,CHC,NL,3,0,0,0,0,0,0,0,0,0,0,0,0,,,,,,0,0,0,0,0,0,/1
210,Zach Eflin\eflinza01,25,PHI,NL,5,8,8,0,1,0,0,0,0,0,0,0,6,.125,.125,.125,.250,-34,1,0,0,0,0,0,/1
211,Jerad Eickhoff\eickhje01,28,PHI,NL,3,5,3,0,0,0,0,0,0,0,0,1,1,.000,.250,.000,.250,-25,0,0,0,1,0,0,/1
212,Edwin Encarnacion\encared01,36,SEA,AL,26,117,96,19,23,1,0,7,19,0,1,16,22,.240,.368,.469,.836,128,45,1,4,0,1,0,3/D
213,Adam Engel\engelad01,27,CHW,AL,19,40,37,3,5,2,0,1,3,0,1,2,17,.135,.179,.270,.450,19,10,1,0,1,0,0,*8
214,Robbie Erlin\erlinro01,28,SDP,NL,5,0,0,0,0,0,0,0,0,0,0,0,0,,,,,,0,0,0,0,0,0,/1
215,Phil Ervin\ervinph01,26,CIN,NL,6,10,8,1,1,0,1,0,1,0,0,2,4,.125,.300,.375,.675,75,3,0,0,0,0,0,/789
216,Eduardo Escobar#\escobed01,30,ARI,NL,27,113,99,14,28,7,1,3,14,0,1,10,25,.283,.363,.465,.827,111,46,1,3,0,1,0,*5/4
217,Carlos Estevez\estevca01,26,COL,NL,11,0,0,0,0,0,0,0,0,0,0,0,0,,,,,,0,0,0,0,0,0,1
218,Thairo Estrada\estrath01,23,NYY,AL,4,12,10,1,4,0,0,0,1,0,0,1,1,.400,.455,.400,.855,130,4,0,0,1,0,0,/74
219,Jeurys Familia\familje01,29,NYM,NL,12,0,0,0,0,0,0,0,0,0,0,0,0,,,,,,0,0,0,0,0,0,1
220,Kyle Farmer\farmeky01,28,CIN,NL,17,28,24,3,4,0,0,3,7,0,1,2,6,.167,.250,.542,.792,98,13,0,1,0,1,0,/435
221,Caleb Ferguson\ferguca01,22,LAD,NL,13,0,0,0,0,0,0,0,0,0,0,0,0,,,,,,0,0,0,0,0,0,1
222,Jack Flaherty\flaheja01,23,STL,NL,6,9,7,1,1,0,0,0,0,0,0,0,1,.143,.143,.143,.286,-23,1,0,0,2,0,0,/1
223,David Fletcher\fletcda02,25,LAA,AL,26,93,87,12,26,4,1,1,10,2,0,6,4,.299,.344,.402,.746,100,35,1,0,0,0,1,4/576
224,Chris Flexen\flexech01,24,NYM,NL,1,2,2,0,1,0,0,0,0,0,0,0,0,.500,.500,.500,1.000,178,1,0,0,0,0,0,/1
225,Wilmer Flores\florewi01,27,ARI,NL,24,80,73,8,16,4,0,0,5,0,0,5,8,.219,.275,.274,.549,42,20,2,1,0,1,0,4/3
226,Dylan Floro*\florody01,28,LAD,NL,11,0,0,0,0,0,0,0,0,0,0,0,0,,,,,,0,0,0,0,0,0,1
227,Tyler Flowers\flowety01,33,ATL,NL,13,50,45,6,17,0,1,3,4,0,0,3,16,.378,.440,.622,1.062,177,28,0,2,0,0,0,2
228,Mike Foltynewicz\foltymi01,27,ATL,NL,1,3,3,0,0,0,0,0,0,0,0,0,2,.000,.000,.000,.000,-100,0,1,0,0,0,0,/1
229,Wilmer Font\fontwi01,29,TBR,AL,1,0,0,0,0,0,0,0,0,0,0,0,0,,,,,,0,0,0,0,0,0,/1
230,Mike Ford*\fordmi01,26,NYY,AL,8,32,24,6,4,1,0,1,2,0,0,7,8,.167,.375,.333,.708,91,8,0,1,0,0,2,/3D
231,Logan Forsythe\forsylo01,32,TEX,AL,20,84,69,12,18,6,0,2,11,1,0,12,19,.261,.373,.435,.808,107,30,3,1,0,1,0,3/456
232,Dexter Fowler#\fowlede01,33,STL,NL,24,89,76,12,23,5,0,1,6,1,2,11,20,.303,.404,.408,.812,119,31,0,2,0,0,0,*98
233,Ty France\francty01,24,SDP,NL,2,3,3,1,2,0,0,0,0,0,0,0,1,.667,.667,.667,1.333,265,2,0,0,0,0,0,
234,Maikel Franco\francma02,26,PHI,NL,27,111,96,15,26,5,0,7,22,0,0,14,8,.271,.360,.542,.902,131,52,5,0,0,1,8,*5/3
235,Adam Frazier*\fraziad01,27,PIT,NL,22,94,83,11,22,5,0,1,4,2,1,9,12,.265,.344,.361,.706,90,30,1,1,1,0,0,*4
236,Clint Frazier\frazicl01,24,NYY,AL,18,73,68,10,22,3,0,6,17,0,0,3,16,.324,.342,.632,.975,149,43,0,0,0,2,0,7/D9
237,Todd Frazier\frazito01,33,NYM,NL,5,17,16,1,3,0,0,1,5,1,0,0,7,.188,.235,.375,.610,64,6,0,1,0,0,0,/5
238,Kyle Freeland*\freelky01,26,COL,NL,4,7,5,0,0,0,0,0,0,0,0,2,3,.000,.286,.000,.286,-19,0,0,0,0,0,0,/1
239,Freddie Freeman*\freemfr01,29,ATL,NL,26,120,99,22,31,7,0,4,16,0,1,19,22,.313,.433,.505,.938,148,50,1,2,0,0,1,*3
240,Mike Freeman*\freemmi01,31,CLE,AL,7,18,14,1,3,0,0,0,2,0,0,3,6,.214,.353,.214,.567,55,3,0,0,1,0,0,/645
241,David Freese\freesda01,36,LAD,NL,21,46,37,6,7,4,0,1,5,0,0,9,9,.189,.348,.378,.726,94,14,1,0,0,0,0,3/5
242,David Freitas\freitda01,30,SEA,AL,1,4,2,1,0,0,0,0,1,0,0,1,0,.000,.250,.000,.250,-21,0,0,0,0,1,0,/2
243,Max Fried*\friedma01,25,ATL,NL,6,9,7,1,1,0,0,0,0,0,0,0,2,.143,.143,.143,.286,-24,1,0,0,2,0,0,/1
244,Josh Fuentes\fuentjo01,26,COL,NL,9,18,18,2,2,0,0,0,0,0,0,0,8,.111,.111,.111,.222,-45,2,0,0,0,0,0,/35
245,Drew Gagnon\gagnodr01,29,NYM,NL,1,3,2,0,0,0,0,0,0,0,0,0,0,.000,.000,.000,.000,-100,0,1,0,1,0,0,/1
246,Rocky Gale\galero01,31,LAD,NL,4,14,14,1,2,0,0,0,0,0,0,0,7,.143,.143,.143,.286,-23,2,1,0,0,0,0,/2
247,Cam Gallagher\gallaca01,26,KCR,AL,7,23,23,2,4,0,0,0,2,0,0,0,3,.174,.174,.174,.348,-6,4,1,0,0,0,0,/2
248,Giovanny Gallegos\gallegi01,27,STL,NL,7,2,2,0,0,0,0,0,0,0,0,0,1,.000,.000,.000,.000,-100,0,0,0,0,0,0,/1
249,Joey Gallo*\gallojo01,25,TEX,AL,24,104,85,19,22,4,1,9,23,0,0,18,37,.259,.385,.647,1.032,157,55,0,0,0,1,1,*7/8D
250,Isaac Galloway\gallois01,29,MIA,NL,9,31,31,4,8,1,0,0,1,2,0,0,4,.258,.258,.290,.548,52,9,0,0,0,0,0,/879
251,Freddy Galvis#\galvifr01,29,TOR,AL,24,93,90,12,28,4,0,5,12,2,1,3,19,.311,.333,.522,.856,127,47,3,0,0,0,0,*6
252,Ben Gamel*\gamelbe01,27,MIL,NL,24,56,47,8,12,4,0,1,4,0,1,8,17,.255,.375,.404,.779,104,19,0,1,0,0,1,7/89
253,John Gant\gantjo01,26,STL,NL,14,1,1,0,0,0,0,0,0,0,0,0,1,.000,.000,.000,.000,-100,0,0,0,0,0,0,1
254,Avisail Garcia\garciav01,28,TBR,AL,23,95,88,11,22,4,1,4,10,2,0,6,28,.250,.305,.455,.760,102,40,1,1,0,0,1,9/D
255,Greg Garcia*\garcigr01,29,SDP,NL,15,22,18,2,4,2,0,0,1,0,0,3,4,.222,.318,.333,.652,78,6,0,0,0,1,0,/43
256,Jarlin Garcia*\garcija04,26,MIA,NL,4,0,0,0,0,0,0,0,0,0,0,0,0,,,,,,0,0,0,0,0,0,/1
257,Leury Garcia#\garcile02,28,CHW,AL,21,101,96,20,28,7,0,1,10,4,0,5,27,.292,.327,.396,.723,94,38,1,0,0,0,0,*89/76
258,Luis Garcia\garcilu03,32,LAA,AL,1,0,0,0,0,0,0,0,0,0,0,0,0,,,,,,0,0,0,0,0,0,1
259,Yimi Garcia\garciyi01,28,LAD,NL,14,0,0,0,0,0,0,0,0,0,0,0,0,,,,,,0,0,0,0,0,0,1
260,Brett Gardner*\gardnbr01,35,NYY,AL,26,111,96,16,22,4,1,5,11,3,1,13,10,.229,.333,.448,.781,104,43,1,2,0,0,0,*8/D
261,Amir Garrett\garream01,27,CIN,NL,14,0,0,0,0,0,0,0,0,0,0,0,0,,,,,,0,0,0,0,0,0,1
262,Mitch Garver\garvemi01,28,MIN,AL,12,43,40,11,16,4,0,5,10,0,0,3,9,.400,.442,.875,1.317,238,35,1,0,0,0,0,2
263,Kevin Gausman*\gausmke01,28,ATL,NL,4,9,9,0,1,0,0,0,0,0,0,0,7,.111,.111,.111,.222,-41,1,0,0,0,0,0,/1
264,Cory Gearrin\gearrco01,33,SEA,AL,1,0,0,0,0,0,0,0,0,0,0,0,0,,,,,,0,0,0,0,0,0,1
265,Kyle Gibson\gibsoky01,31,MIN,AL,1,2,1,0,0,0,0,0,0,0,0,0,1,.000,.000,.000,.000,-100,0,0,0,1,0,0,/1
266,Ken Giles\gileske01,28,TOR,AL,1,0,0,0,0,0,0,0,0,0,0,0,0,,,,,,0,0,0,0,0,0,1
267,Tyler Glasnow*\glasnty01,25,TBR,AL,1,2,2,0,0,0,0,0,0,0,0,0,1,.000,.000,.000,.000,-100,0,0,0,0,0,0,/1
268,Zack Godley\godleza01,29,ARI,NL,6,12,11,2,3,0,0,0,1,0,0,1,5,.273,.333,.273,.606,59,3,0,0,0,0,0,/1
269,Paul Goldschmidt\goldspa01,31,STL,NL,26,118,102,21,29,3,0,9,19,0,0,15,30,.284,.381,.578,.960,152,59,1,1,0,0,1,*3
270,Yan Gomes\gomesya01,31,WSN,NL,16,64,58,5,15,2,0,2,8,0,0,5,17,.259,.328,.397,.725,87,23,1,1,0,0,0,2
271,Carlos Gonzalez*\gonzaca01,33,CLE,AL,10,43,39,6,11,0,0,1,2,0,0,3,11,.282,.349,.359,.708,87,14,1,1,0,0,0,/7D9
272,Erik Gonzalez\gonzaer01,27,PIT,NL,16,59,51,2,11,2,1,0,2,3,0,6,13,.216,.298,.294,.592,60,15,1,0,2,0,3,6
273,Marwin Gonzalez#\gonzama01,30,MIN,AL,21,79,73,5,12,1,0,2,5,0,0,6,19,.164,.228,.260,.488,30,19,0,0,0,0,0,*5/37
274,Niko Goodrum#\goodrni01,27,DET,AL,23,90,74,11,18,8,0,2,9,3,1,15,21,.243,.367,.432,.799,113,32,0,0,0,1,0,/378D94
275,Brian Goodwin*\goodwbr01,28,LAA,AL,25,87,72,17,24,5,1,3,10,0,0,12,17,.333,.430,.556,.986,163,40,1,1,1,1,1,*7/89D
276,Alex Gordon*\gordoal01,35,KCR,AL,26,115,97,17,30,9,0,5,21,0,0,11,12,.309,.400,.557,.957,153,54,2,5,0,2,1,*7
277,Dee Gordon*\gordode01,31,SEA,AL,28,111,100,12,29,3,1,2,16,8,1,6,17,.290,.321,.400,.721,97,40,0,0,2,3,0,*4
278,Terrance Gore\gorete01,28,KCR,AL,11,17,16,5,7,1,1,0,1,4,3,1,5,.438,.471,.625,1.096,190,10,0,0,0,0,0,/98D7
279,Phil Gosselin\gosseph01,30,PHI,NL,8,21,21,1,4,1,0,0,4,0,0,0,4,.190,.190,.238,.429,11,5,1,0,0,0,0,/6
280,Trevor Gott\gotttr01,26,SFG,NL,10,0,0,0,0,0,0,0,0,0,0,0,0,,,,,,0,0,0,0,0,0,1
281,Matt Grace*\gracema02,30,WSN,NL,15,0,0,0,0,0,0,0,0,0,0,0,0,,,,,,0,0,0,0,0,0,1
282,Yasmani Grandal#\grandya01,30,MIL,NL,25,97,85,15,25,2,0,6,12,3,0,10,22,.294,.371,.529,.901,131,45,1,1,0,1,0,*2/3
283,Curtis Granderson*\grandcu01,38,MIA,NL,24,89,76,7,14,5,0,3,10,0,2,10,31,.184,.281,.368,.649,79,28,0,1,0,2,0,*7
284,Jon Gray\grayjo02,27,COL,NL,7,14,12,0,1,0,0,0,0,0,0,0,8,.083,.083,.083,.167,-59,1,0,0,2,0,0,/1
285,Sonny Gray\grayso01,29,CIN,NL,5,7,5,0,0,0,0,0,0,0,0,0,2,.000,.000,.000,.000,-100,0,0,0,2,0,0,/1
286,Grayson Greiner\greingr01,26,DET,AL,17,70,66,7,15,2,0,3,8,0,0,3,20,.227,.271,.394,.665,74,26,1,1,0,0,0,2
287,Zack Greinke\greinza01,35,ARI,NL,6,16,13,5,6,2,1,2,4,0,0,1,2,.462,.500,1.231,1.731,322,16,0,0,2,0,0,/1
288,Randal Grichuk\grichra01,27,TOR,AL,27,110,101,16,24,7,0,4,11,0,0,8,33,.238,.300,.426,.726,94,43,4,1,0,0,0,*8/9D
289,Robbie Grossman#\grossro01,29,OAK,AL,20,78,70,11,16,3,0,2,7,2,1,8,16,.229,.308,.357,.665,81,25,1,0,0,0,0,*7
290,Robert Gsellman\gsellro01,25,NYM,NL,13,0,0,0,0,0,0,0,0,0,0,0,0,,,,,,0,0,0,0,0,0,1
291,Junior Guerra\guerrju02,34,MIL,NL,10,0,0,0,0,0,0,0,0,0,0,0,0,,,,,,0,0,0,0,0,0,1
292,Tayron Guerrero\guerrta01,28,MIA,NL,11,0,0,0,0,0,0,0,0,0,0,0,0,,,,,,0,0,0,0,0,0,1
293,Vladimir Guerrero Jr.\guerrvl02,20,TOR,AL,2,9,8,0,2,1,0,0,0,0,0,1,2,.250,.333,.375,.708,92,3,0,0,0,0,0,/5
294,Luis Guillorme*\guilllu01,24,NYM,NL,11,19,18,3,3,0,0,0,0,0,0,1,6,.167,.211,.167,.377,6,3,0,0,0,0,0,/46
295,Lourdes Gurriel Jr.\gurrilo01,25,TOR,AL,13,44,40,2,7,4,0,0,7,1,1,3,12,.175,.250,.275,.525,43,11,2,1,0,0,0,/43D
296,Yuli Gurriel\gourryu01,35,HOU,AL,25,105,96,11,24,8,1,1,8,0,2,8,12,.250,.305,.385,.690,85,37,2,0,0,1,0,*3/54D
297,Kelvin Gutierrez\gutieke01,24,KCR,AL,1,4,3,0,1,0,0,0,2,0,0,1,1,.333,.500,.333,.833,131,1,0,0,0,0,0,/5
298,Ronald Guzman*\guzmaro01,24,TEX,AL,9,28,26,4,6,4,0,2,4,0,1,2,10,.231,.286,.615,.901,121,16,2,0,0,0,0,/3
299,Jedd Gyorko\gyorkje01,30,STL,NL,13,16,14,2,2,0,0,0,1,0,0,2,7,.143,.250,.143,.393,10,2,0,0,0,0,0,/51
300,Josh Hader*\haderjo01,25,MIL,NL,10,1,1,0,0,0,0,0,0,0,0,0,0,.000,.000,.000,.000,-100,0,0,0,0,0,0,1
301,Cole Hamels*\hamelco01,35,CHC,NL,4,10,9,0,0,0,0,0,1,0,0,0,1,.000,.000,.000,.000,-100,0,0,0,0,1,0,/1
302,Billy Hamilton#\hamilbi02,28,KCR,AL,24,84,74,12,16,1,2,0,3,8,3,9,19,.216,.298,.284,.581,58,21,1,0,0,1,0,*8
303,Garrett Hampson\hampsga01,24,COL,NL,21,75,71,8,13,2,1,1,4,1,1,2,20,.183,.203,.282,.484,18,20,1,0,1,1,0,4/876
304,Mitch Haniger\hanigmi01,28,SEA,AL,29,137,120,28,30,11,1,7,19,3,0,11,36,.250,.328,.533,.862,131,64,1,4,0,2,0,*9/8D
305,Alen Hanson#\hansoal01,26,TOR,AL,15,44,40,5,7,0,0,0,4,1,0,2,16,.175,.227,.175,.402,12,7,0,1,0,1,1,/493D7
306,J.A. Happ*\happja01,36,NYY,AL,1,3,2,1,0,0,0,0,0,0,0,0,0,.000,.000,.000,.000,-100,0,0,0,1,0,0,/1
307,Bryce Harper*\harpebr03,26,PHI,NL,27,121,98,16,25,8,0,6,19,1,0,22,35,.255,.397,.520,.917,137,51,1,1,0,0,4,*9
308,Ryne Harper\harpery01,30,MIN,AL,3,0,0,0,0,0,0,0,0,0,0,0,0,,,,,,0,0,0,0,0,0,1
309,Josh Harrison\harrijo05,31,DET,AL,22,99,90,7,14,4,0,1,7,2,2,5,19,.156,.212,.233,.445,19,21,0,2,0,2,0,*4
310,Donnie Hart*\hartdo01,28,MIL,NL,2,0,0,0,0,0,0,0,0,0,0,0,0,,,,,,0,0,0,0,0,0,/1
311,Ryon Healy\healyry01,27,SEA,AL,30,122,108,19,25,12,0,5,20,0,0,11,23,.231,.303,.481,.785,111,52,1,1,0,2,0,*5/3
312,Austin Hedges\hedgeau01,26,SDP,NL,17,60,55,5,11,1,0,4,9,0,0,3,14,.200,.267,.436,.703,86,24,1,2,0,0,1,2
313,Jeremy Hellickson\hellije01,32,WSN,NL,4,7,4,2,1,0,0,0,0,0,0,1,1,.250,.400,.250,.650,75,1,0,0,2,0,0,/1
314,Ryan Helsley\helslry01,24,STL,NL,3,1,1,0,1,0,0,0,0,0,0,0,0,1.000,1.000,1.000,2.000,440,1,0,0,0,0,0,/1
315,Kyle Hendricks\hendrky01,29,CHC,NL,5,11,10,1,1,0,0,0,0,0,0,1,6,.100,.182,.100,.282,-23,1,0,0,0,0,0,/1
316,Guillermo Heredia\heredgu01,28,TBR,AL,16,29,22,2,4,1,0,1,5,0,0,4,10,.182,.333,.364,.697,90,8,1,1,2,0,0,/897D
317,Cesar Hernandez#\hernace02,29,PHI,NL,26,113,102,14,28,5,1,2,9,2,0,10,14,.275,.336,.402,.738,92,41,3,0,0,1,1,*4
318,David Hernandez\hernada01,34,CIN,NL,12,0,0,0,0,0,0,0,0,0,0,0,0,,,,,,0,0,0,0,0,0,1
319,Enrique Hernandez\hernaen02,27,LAD,NL,27,99,85,14,20,4,0,5,15,0,0,13,24,.235,.333,.459,.792,108,39,0,0,0,1,1,*4/796
320,Felix Hernandez\hernafe02,33,SEA,AL,1,2,2,0,0,0,0,0,0,0,0,0,1,.000,.000,.000,.000,-100,0,0,0,0,0,0,/1
321,Teoscar Hernandez\hernate01,26,TOR,AL,26,99,88,11,19,2,1,2,13,2,1,10,25,.216,.293,.330,.622,69,29,1,0,0,1,1,*7/D
322,Odubel Herrera*\herreod01,27,PHI,NL,17,69,63,7,17,4,0,1,7,0,1,5,12,.270,.319,.381,.700,82,24,0,0,0,1,0,8
323,Rosell Herrera#\herrero02,26,MIA,NL,25,57,53,4,8,2,0,0,3,3,1,3,11,.151,.211,.189,.399,13,10,2,1,0,0,0,*7/986
324,Jason Heyward*\heywaja01,29,CHC,NL,23,90,70,15,23,1,0,5,15,4,0,17,10,.329,.456,.557,1.013,162,39,6,1,0,2,2,*98
325,John Hicks\hicksjo02,29,DET,AL,14,54,49,2,15,5,0,1,4,1,0,5,13,.306,.370,.469,.840,122,23,1,0,0,0,0,/23
326,Jordan Hicks\hicksjo03,22,STL,NL,11,0,0,0,0,0,0,0,0,0,0,0,0,,,,,,0,0,0,0,0,0,1
327,Kyle Higashioka\higasky01,29,NYY,AL,4,16,15,2,3,2,0,0,1,0,0,0,6,.200,.188,.333,.521,34,5,1,0,0,1,0,/2
328,Trevor Hildenberger\hildetr01,28,MIN,AL,4,0,0,0,0,0,0,0,0,0,0,0,0,,,,,,0,0,0,0,0,0,1
329,Yoshihisa Hirano\hiranyo01,35,ARI,NL,12,0,0,0,0,0,0,0,0,0,0,0,0,,,,,,0,0,0,0,0,0,1
330,Jeff Hoffman\hoffmje02,26,COL,NL,1,2,2,0,0,0,0,0,0,0,0,0,2,.000,.000,.000,.000,-100,0,0,0,0,0,0,/1
331,Derek Holland#\hollade01,32,SFG,NL,8,10,9,0,1,0,0,0,0,0,0,0,6,.111,.111,.111,.222,-39,1,0,0,1,0,0,/1
332,Greg Holland\hollagr01,33,ARI,NL,8,0,0,0,0,0,0,0,0,0,0,0,0,,,,,,0,0,0,0,0,0,/1
333,Brock Holt*\holtbr01,31,BOS,AL,6,19,16,0,1,0,0,0,1,0,0,2,7,.063,.211,.063,.273,-22,1,0,1,0,0,0,/46
334,Rhys Hoskins\hoskirh01,26,PHI,NL,26,120,98,19,27,5,1,8,22,0,1,19,32,.276,.408,.592,1.000,157,58,1,3,0,0,0,*3
335,Eric Hosmer*\hosmeer01,29,SDP,NL,26,107,98,11,22,5,0,3,14,0,0,9,25,.224,.290,.367,.657,77,36,1,0,0,0,1,*3
336,Adrian Houser\housead01,26,MIL,NL,1,2,2,0,0,0,0,0,0,0,0,0,2,.000,.000,.000,.000,-100,0,0,0,0,0,0,/1
337,Dakota Hudson\hudsoda02,24,STL,NL,6,10,8,0,0,0,0,0,0,0,0,0,2,.000,.000,.000,.000,-100,0,0,0,2,0,0,/1
338,Jared Hughes\hugheja02,33,CIN,NL,14,0,0,0,0,0,0,0,0,0,0,0,0,,,,,,0,0,0,0,0,0,1
339,Nick Hundley\hundlni01,35,OAK,AL,16,40,39,1,7,0,0,0,1,0,1,0,8,.179,.200,.179,.379,5,7,5,1,0,0,0,2
340,Chris Iannetta\iannech01,36,COL,NL,10,33,29,2,6,2,0,1,2,0,0,3,14,.207,.303,.379,.682,67,11,1,1,0,0,0,2
341,Jose Iglesias\iglesjo01,29,CIN,NL,23,71,67,6,19,3,0,1,5,0,2,4,11,.284,.324,.373,.697,82,25,1,0,0,0,2,*6
342,Raisel Iglesias\iglesra01,29,CIN,NL,11,0,0,0,0,0,0,0,0,0,0,0,0,,,,,,0,0,0,0,0,0,1
343,Ender Inciarte*\inciaen01,28,ATL,NL,25,98,87,8,20,3,1,2,6,3,1,9,21,.230,.306,.356,.662,75,31,0,1,0,1,0,*8
344,Alex Jackson\jacksal02,23,ATL,NL,3,11,10,0,0,0,0,0,0,0,0,1,3,.000,.091,.000,.091,-72,0,1,0,0,0,1,/2
345,Drew Jackson\jacksdr01,25,BAL,AL,3,4,3,0,0,0,0,0,0,0,0,1,1,.000,.250,.000,.250,-22,0,0,0,0,0,0,/87
346,Luke Jackson\jackslu01,27,ATL,NL,11,0,0,0,0,0,0,0,0,0,0,0,0,,,,,,0,0,0,0,0,0,1
347,Danny Jansen\janseda01,24,TOR,AL,20,73,65,5,12,4,0,0,4,0,0,6,21,.185,.260,.246,.506,39,16,1,1,0,1,0,*2/D
348,Kenley Jansen#\janseke01,31,LAD,NL,13,1,1,0,0,0,0,0,0,0,0,0,1,.000,.000,.000,.000,-100,0,0,0,0,0,0,1
349,Jeremy Jeffress\jeffrje01,31,MIL,NL,5,0,0,0,0,0,0,0,0,0,0,0,0,,,,,,0,0,0,0,0,0,/1
350,Jake Jewell\jewelja01,26,LAA,AL,2,0,0,0,0,0,0,0,0,0,0,0,0,,,,,,0,0,0,0,0,0,/1
351,Eloy Jimenez\jimenel02,22,CHW,AL,21,85,79,6,19,2,0,3,8,0,0,5,25,.241,.294,.380,.674,80,30,1,1,0,0,0,*7
352,Connor Joe\joeco01,26,SFG,NL,8,16,15,1,1,0,0,0,0,0,0,1,5,.067,.125,.067,.192,-46,1,1,0,0,0,0,/7
353,Brian Johnson*\johnsbr02,28,BOS,AL,1,0,0,0,0,0,0,0,0,0,0,0,0,,,,,,0,0,0,0,0,0,/1
354,DJ Johnson*\johnsdj01,29,COL,NL,10,0,0,0,0,0,0,0,0,0,0,0,0,,,,,,0,0,0,0,0,0,1
355,Adam Jones\jonesad01,33,ARI,NL,27,115,102,13,32,9,0,5,18,0,1,8,18,.314,.386,.549,.935,136,56,1,4,0,0,1,*9
356,JaCoby Jones\jonesja07,27,DET,AL,13,49,45,4,7,1,0,1,1,1,0,1,13,.156,.224,.244,.469,25,11,2,3,0,0,0,8
357,Caleb Joseph\josepca01,33,ARI,NL,7,13,13,2,2,1,0,0,0,0,0,0,2,.154,.154,.231,.385,-3,3,0,0,0,0,0,/21
358,Matthew Joyce*\joycema01,34,ATL,NL,17,24,21,3,5,3,0,2,3,0,0,3,7,.238,.333,.667,1.000,154,14,0,0,0,0,0,/9D
359,Aaron Judge\judgeaa01,27,NYY,AL,20,89,73,13,21,2,0,5,11,2,1,14,26,.288,.404,.521,.925,143,38,2,1,0,1,1,*9/D
360,Tommy Kahnle\kahnlto01,29,NYY,AL,1,0,0,0,0,0,0,0,0,0,0,0,0,,,,,,0,0,0,0,0,0,1
361,Jung Ho Kang\kangju01,32,PIT,NL,23,77,71,5,12,3,0,4,8,0,0,6,27,.169,.234,.380,.614,60,27,2,0,0,0,0,*5/6
362,Keone Kela\kelake01,26,PIT,NL,10,0,0,0,0,0,0,0,0,0,0,0,0,,,,,,0,0,0,0,0,0,1
363,Shawn Kelley\kellesh01,35,TEX,AL,1,0,0,0,0,0,0,0,0,0,0,0,0,,,,,,0,0,0,0,0,0,1
364,Carson Kelly\kellyca02,24,ARI,NL,16,47,45,3,9,6,0,0,6,0,0,1,11,.200,.234,.333,.567,43,15,1,1,0,0,0,2
365,Joe Kelly\kellyjo05,31,LAD,NL,11,2,1,0,0,0,0,0,0,0,0,0,1,.000,.000,.000,.000,-100,0,0,0,1,0,0,1
366,Merrill Kelly\kellyme01,30,ARI,NL,5,11,8,1,0,0,0,0,0,0,0,1,2,.000,.111,.000,.111,-67,0,0,0,2,0,0,/1
367,Matt Kemp\kempma01,34,CIN,NL,20,62,60,4,12,2,0,1,5,0,0,1,19,.200,.210,.283,.493,27,17,2,0,0,1,0,7
368,Tony Kemp*\kempto01,27,HOU,AL,14,41,36,6,6,0,0,2,3,1,0,4,8,.167,.268,.333,.602,62,12,1,1,0,0,0,/8D7
369,Howie Kendrick\kendrho01,35,WSN,NL,18,51,40,10,13,3,0,4,13,0,0,7,8,.325,.412,.700,1.112,180,28,2,1,0,3,0,/45
370,Max Kepler*\keplema01,26,MIN,AL,20,90,80,13,21,3,0,6,15,0,2,9,17,.263,.333,.525,.858,124,42,2,0,0,1,0,*9/8
371,Clayton Kershaw*\kershcl01,31,LAD,NL,3,8,7,0,0,0,0,0,0,0,0,0,2,.000,.000,.000,.000,-100,0,0,0,1,0,0,/1
372,Carter Kieboom\kieboca01,21,WSN,NL,2,8,8,1,1,0,0,1,1,0,0,0,4,.125,.125,.500,.625,50,4,0,0,0,0,0,/6
373,Kevin Kiermaier*\kiermke01,29,TBR,AL,25,95,88,15,23,6,3,2,10,3,2,6,22,.261,.305,.466,.771,105,41,1,0,0,1,0,*8
374,Isiah Kiner-Falefa\kineris01,24,TEX,AL,14,49,41,7,10,2,0,0,5,1,0,6,11,.244,.354,.293,.647,70,12,0,1,1,0,0,2
375,Scott Kingery\kingesc01,25,PHI,NL,14,35,32,5,13,4,0,2,6,1,0,1,5,.406,.457,.719,1.176,200,23,0,2,0,0,0,/6547
376,Nick Kingham\kinghni01,27,PIT,NL,6,0,0,0,0,0,0,0,0,0,0,0,0,,,,,,0,0,0,0,0,0,/1
377,Tyler Kinley\kinlety01,28,MIA,NL,13,0,0,0,0,0,0,0,0,0,0,0,0,,,,,,0,0,0,0,0,0,1
378,Ian Kinsler\kinslia01,37,SDP,NL,25,86,78,7,11,3,0,2,2,1,2,8,15,.141,.221,.256,.477,29,20,2,0,0,0,0,*4
379,Brandon Kintzler\kintzbr01,34,CHC,NL,10,0,0,0,0,0,0,0,0,0,0,0,0,,,,,,0,0,0,0,0,0,1
380,Jason Kipnis*\kipnija01,32,CLE,AL,10,42,38,2,8,1,0,0,3,1,0,4,8,.211,.286,.237,.523,40,9,0,0,0,0,0,4
381,Andrew Knapp#\knappan01,27,PHI,NL,13,24,18,1,4,2,0,0,0,0,0,6,8,.222,.417,.333,.750,101,6,0,0,0,0,0,/23
382,Matt Koch*\kochma01,28,ARI,NL,9,6,6,0,0,0,0,0,0,0,0,0,5,.000,.000,.000,.000,-100,0,0,0,0,0,0,/1
383,Adam Kolarek*\kolarad01,30,TBR,AL,2,0,0,0,0,0,0,0,0,0,0,0,0,,,,,,0,0,0,0,0,0,1/3
384,Erik Kratz\kratzer01,39,SFG,NL,10,28,24,1,4,2,0,1,3,0,0,2,3,.167,.286,.375,.661,77,9,0,2,0,0,0,/2
385,Tommy La Stella*\lasteto01,30,LAA,AL,26,84,72,14,18,1,0,7,16,0,0,10,5,.250,.349,.556,.905,138,40,3,1,0,0,0,*4/5D
386,Juan Lagares\lagarju01,30,NYM,NL,22,51,45,7,11,1,0,1,5,2,1,4,15,.244,.320,.333,.653,81,15,0,1,1,0,0,*8
387,Jake Lamb*\lambja01,28,ARI,NL,5,18,15,1,4,1,0,0,2,0,0,3,6,.267,.389,.333,.722,89,5,0,0,0,0,1,/35
388,Eric Lauer\lauerer01,24,SDP,NL,6,9,8,0,0,0,0,0,0,0,0,0,6,.000,.000,.000,.000,-100,0,0,0,1,0,0,/1
389,Ramon Laureano\laurera01,24,OAK,AL,28,105,97,15,24,4,0,3,10,2,1,5,28,.247,.305,.381,.686,86,37,0,3,0,0,0,*8
390,Jose Leclerc\leclejo01,25,TEX,AL,2,0,0,0,0,0,0,0,0,0,0,0,0,,,,,,0,0,0,0,0,0,1
391,DJ LeMahieu\lemahdj01,30,NYY,AL,26,111,98,17,30,9,0,1,15,2,0,8,15,.306,.360,.429,.789,108,42,0,2,0,3,0,*45/3
392,Sandy Leon#\leonsa01,30,BOS,AL,5,12,11,2,1,1,0,0,1,0,0,0,3,.091,.167,.182,.348,-8,2,0,1,0,0,0,/2
393,Dominic Leone\leonedo01,27,STL,NL,12,0,0,0,0,0,0,0,0,0,0,0,0,,,,,,0,0,0,0,0,0,1
394,Jon Lester*\lestejo01,35,CHC,NL,4,6,4,1,2,1,0,0,2,0,0,2,2,.500,.667,.750,1.417,269,3,0,0,0,0,0,/1
395,Tzu-Wei Lin*\lintz02,25,BOS,AL,9,13,13,1,2,1,0,0,0,0,0,0,4,.154,.154,.231,.385,-1,3,0,0,0,0,0,/46
396,Francisco Lindor#\lindofr01,25,CLE,AL,7,28,27,5,7,0,0,3,6,0,0,0,6,.259,.250,.593,.843,110,16,1,0,0,1,0,/6D
397,Francisco Liriano*\liriafr01,35,PIT,NL,10,0,0,0,0,0,0,0,0,0,0,0,0,,,,,,0,0,0,0,0,0,1
398,Tim Locastro\locasti01,26,ARI,NL,9,16,11,4,4,0,0,0,0,2,0,2,5,.364,.563,.364,.926,147,4,0,3,0,0,0,/879
399,Evan Longoria\longoev01,33,SFG,NL,26,102,97,9,20,5,1,3,8,1,0,4,21,.206,.245,.371,.616,63,36,2,1,0,0,0,*5
400,Pablo Lopez*\lopezpa01,23,MIA,NL,5,6,6,0,1,0,0,0,0,0,0,0,3,.167,.167,.167,.333,-7,1,0,0,0,0,0,/1
401,Yoan Lopez\lopezyo01,26,ARI,NL,13,0,0,0,0,0,0,0,0,0,0,0,0,,,,,,0,0,0,0,0,0,1
402,Michael Lorenzen\lorenmi01,27,CIN,NL,18,7,6,2,1,1,0,0,1,0,0,1,3,.167,.286,.333,.619,61,2,0,0,0,0,0,1/8
403,Aaron Loup*\loupaa01,31,SDP,NL,4,0,0,0,0,0,0,0,0,0,0,0,0,,,,,,0,0,0,0,0,0,/1
404,Brandon Lowe*\lowebr01,24,TBR,AL,24,95,86,14,25,5,1,6,17,2,0,7,32,.291,.347,.581,.929,145,50,1,1,0,1,0,*4/3D9
405,Joey Lucchesi*\lucchjo01,26,SDP,NL,5,8,8,0,0,0,0,0,0,0,0,0,6,.000,.000,.000,.000,-100,0,0,0,0,0,0,/1
406,Jonathan Lucroy\lucrojo01,33,LAA,AL,24,86,80,11,21,2,0,1,9,0,0,5,8,.263,.314,.325,.639,73,26,3,1,0,0,0,*2/D
407,Seth Lugo\lugose01,29,NYM,NL,11,0,0,0,0,0,0,0,0,0,0,0,0,,,,,,0,0,0,0,0,0,1
408,Jordan Luplow\luplojo01,25,CLE,AL,7,17,15,2,3,0,0,0,0,0,0,2,8,.200,.294,.200,.494,34,3,0,0,0,0,0,/97
409,Jordan Lyles\lylesjo01,28,PIT,NL,4,7,6,1,0,0,0,0,0,0,0,0,4,.000,.143,.000,.143,-56,0,1,1,0,0,0,/1
410,Lance Lynn#\lynnla01,32,TEX,AL,1,2,2,0,0,0,0,0,0,0,0,0,2,.000,.000,.000,.000,-100,0,0,0,0,0,0,/1
411,Manny Machado\machama01,26,SDP,NL,26,107,94,13,23,2,0,4,11,1,0,11,27,.245,.336,.394,.730,98,37,4,2,0,0,0,*5
412,Kenta Maeda\maedake01,31,LAD,NL,5,13,10,2,2,2,0,0,0,0,0,0,3,.200,.200,.400,.600,54,4,0,0,3,0,0,/1
413,Tyler Mahle\mahlety01,24,CIN,NL,6,9,7,1,1,1,0,0,0,0,0,0,4,.143,.143,.286,.429,8,2,0,0,2,0,0,/1
414,Mikie Mahtook\mahtomi01,29,DET,AL,9,25,23,0,0,0,0,0,0,0,0,2,11,.000,.080,.000,.080,-76,0,0,0,0,0,0,/8D7
415,Luke Maile\mailelu01,28,TOR,AL,10,33,29,3,5,1,0,1,2,0,0,3,11,.172,.250,.310,.560,51,9,0,0,1,0,0,2
416,Martin Maldonado\maldoma01,32,KCR,AL,21,80,71,7,13,3,0,1,2,0,0,6,15,.183,.266,.268,.533,44,19,3,2,1,0,0,*2
417,Trey Mancini\mancitr01,27,BAL,AL,28,121,110,23,39,11,0,6,14,0,0,10,25,.355,.405,.618,1.023,171,68,0,0,0,1,1,*9/3D7
418,Dillon Maples\mapledi01,27,CHC,NL,1,0,0,0,0,0,0,0,0,0,0,0,0,,,,,,0,0,0,0,0,0,/1
419,Nick Margevicius*\margeni01,23,SDP,NL,5,7,6,0,2,0,0,0,0,0,0,0,1,.333,.333,.333,.667,83,2,0,0,1,0,0,/1
420,Manuel Margot\margoma01,24,SDP,NL,25,73,72,9,19,5,0,2,9,1,0,1,15,.264,.274,.417,.691,84,30,0,0,0,0,0,*8
421,Jake Marisnick\marisja01,28,HOU,AL,18,42,39,8,11,3,0,1,3,0,2,3,12,.282,.333,.436,.769,106,17,1,0,0,0,0,8/D
422,Nick Markakis*\markani01,35,ATL,NL,26,108,91,17,31,8,0,2,18,0,0,14,14,.341,.417,.495,.911,140,45,4,0,0,3,1,*9/D
423,German Marquez\marquge01,24,COL,NL,6,12,11,0,1,0,0,0,0,0,0,0,3,.091,.091,.091,.182,-55,1,0,0,1,0,0,/1
424,Ketel Marte#\marteke01,25,ARI,NL,27,114,106,13,26,4,1,6,21,3,0,7,22,.245,.289,.472,.761,91,50,2,0,0,1,0,*48/6
425,Starling Marte\martest01,30,PIT,NL,16,74,69,8,14,4,1,2,9,3,1,2,13,.203,.247,.377,.623,64,26,3,2,1,0,0,8
426,Chris Martin\martich02,33,TEX,AL,1,0,0,0,0,0,0,0,0,0,0,0,0,,,,,,0,0,0,0,0,0,1
427,Jason Martin*\martija03,23,PIT,NL,17,38,35,3,8,2,0,0,2,2,0,3,10,.229,.289,.286,.575,56,10,0,0,0,0,0,7/8
428,Leonys Martin*\martile01,31,CLE,AL,25,111,95,15,23,4,0,5,8,1,2,11,33,.242,.345,.442,.788,105,42,1,4,1,0,0,*8
429,Richie Martin\martiri01,24,BAL,AL,24,68,62,5,10,1,1,0,1,1,0,5,22,.161,.235,.210,.445,22,13,1,1,0,0,0,*6
430,Russell Martin\martiru01,36,LAD,NL,6,22,15,7,5,1,0,1,2,0,0,5,3,.333,.500,.600,1.100,192,9,0,1,0,1,0,/21
431,J.D. Martinez\martijd02,31,BOS,AL,26,111,97,13,33,6,0,4,13,1,0,12,17,.340,.423,.526,.949,149,51,2,2,0,0,3,D/97
432,Jose Martinez\martijo08,30,STL,NL,26,71,67,10,22,3,0,1,11,1,0,3,14,.328,.352,.418,.770,106,28,3,0,0,1,0,9/7
433,Jeff Mathis\mathije01,36,TEX,AL,14,51,47,7,8,0,0,1,2,0,0,4,14,.170,.235,.234,.469,21,11,0,0,0,0,0,2/1
434,Phil Maton\matonph01,26,SDP,NL,5,1,1,0,0,0,0,0,0,0,0,0,0,.000,.000,.000,.000,-100,0,0,0,0,0,0,/1
435,Steven Matz\matzst01,28,NYM,NL,5,8,7,0,0,0,0,0,0,0,0,0,3,.000,.000,.000,.000,-100,0,0,0,1,0,0,/1
436,Trevor May\maytr01,29,MIN,AL,4,0,0,0,0,0,0,0,0,0,0,0,0,,,,,,0,0,0,0,0,0,1
437,Cameron Maybin\maybica01,32,NYY,AL,2,8,6,1,2,0,0,0,1,0,0,2,1,.333,.500,.333,.833,129,2,0,0,0,0,0,/9
438,Mike Mayers\mayermi01,27,STL,NL,8,0,0,0,0,0,0,0,0,0,0,0,0,,,,,,0,0,0,0,0,0,/1
439,Nomar Mazara*\mazarno01,24,TEX,AL,23,97,88,14,22,5,1,5,20,0,0,6,17,.250,.320,.500,.820,105,44,3,3,0,0,0,*9/D
440,Brian McCann*\mccanbr01,35,ATL,NL,11,44,37,2,10,2,0,1,8,0,0,6,4,.270,.364,.405,.769,104,15,0,0,0,1,1,2
441,James McCann\mccanja02,29,CHW,AL,12,51,47,8,17,2,0,2,5,2,0,4,10,.362,.412,.532,.944,153,25,1,0,0,0,0,2
442,Andrew McCutchen\mccutan01,32,PHI,NL,27,123,103,21,25,6,1,5,10,0,0,20,31,.243,.366,.466,.832,115,48,0,0,0,0,0,*7/8
443,Jake McGee*\mcgeeja01,32,COL,NL,1,0,0,0,0,0,0,0,0,0,0,0,0,,,,,,0,0,0,0,0,0,/1
444,Billy McKinney*\mckinbi01,24,TOR,AL,21,85,76,9,18,6,0,1,4,0,0,5,19,.237,.289,.355,.644,74,27,0,1,2,1,0,*9/73D
445,Ryan McMahon*\mcmahry01,24,COL,NL,16,68,60,9,15,2,0,2,10,1,0,8,18,.250,.338,.383,.722,78,23,0,0,0,0,0,4/35
446,Jeff McNeil*\mcneije01,27,NYM,NL,25,101,89,14,33,7,1,1,11,0,3,6,10,.371,.446,.506,.951,162,45,2,6,0,0,1,*75/4
447,Austin Meadows*\meadoau01,24,TBR,AL,20,83,74,11,26,4,1,6,19,3,0,8,18,.351,.422,.676,1.097,191,50,1,1,0,0,2,/9D7
448,Adalberto Mejia\mejiaad01,26,MIN,AL,3,0,0,0,0,0,0,0,0,0,0,0,0,,,,,,0,0,0,0,0,0,1
449,Francisco Mejia#\mejiafr01,23,SDP,NL,12,40,37,2,6,3,0,0,1,0,0,2,8,.162,.225,.243,.468,27,9,2,1,0,0,0,2
450,Mark Melancon\melanma01,34,SFG,NL,10,0,0,0,0,0,0,0,0,0,0,0,0,,,,,,0,0,0,0,0,0,1
451,Jordy Mercer\mercejo03,32,DET,AL,13,47,43,2,10,4,0,0,2,0,0,3,11,.233,.298,.326,.623,67,14,0,1,0,0,0,6
452,Whit Merrifield\merriwh01,30,KCR,AL,27,121,110,20,33,5,3,4,11,5,2,10,17,.300,.355,.509,.864,128,56,2,0,0,1,2,49/38
453,Miles Mikolas\mikolmi01,30,STL,NL,6,12,11,0,2,0,0,0,2,0,0,0,5,.182,.182,.182,.364,-2,2,0,0,1,0,0,/1
454,Andrew Miller*\millean01,34,STL,NL,14,0,0,0,0,0,0,0,0,0,0,0,0,,,,,,0,0,0,0,0,0,1
455,Brad Miller*\millebr02,29,CLE,AL,13,40,36,4,9,3,0,1,4,1,0,4,10,.250,.325,.417,.742,93,15,0,0,0,0,0,4
456,Justin Miller\milleju02,32,WSN,NL,8,0,0,0,0,0,0,0,0,0,0,0,0,,,,,,0,0,0,0,0,0,/1
457,Mike Minor\minormi01,31,TEX,AL,1,3,2,0,0,0,0,0,0,0,0,0,2,.000,.000,.000,.000,-100,0,0,0,1,0,0,/1
458,A.J. Minter*\minteaj01,25,ATL,NL,9,0,0,0,0,0,0,0,0,0,0,0,0,,,,,,0,0,0,0,0,0,1
459,Yadier Molina\molinya01,36,STL,NL,24,102,98,10,26,8,0,2,16,1,0,3,7,.265,.284,.408,.692,82,40,4,0,0,1,0,*2/35
460,Yoan Moncada#\moncayo01,24,CHW,AL,24,107,99,20,32,7,1,6,20,2,2,8,24,.323,.374,.596,.970,156,59,0,0,0,0,0,*5
461,Adalberto Mondesi#\mondera02,23,KCR,AL,26,117,107,15,31,6,4,3,22,7,1,5,32,.290,.310,.505,.815,113,54,3,0,1,4,0,*6
462,Mike Montgomery*\montgmi01,29,CHC,NL,2,0,0,0,0,0,0,0,0,0,0,0,0,,,,,,0,0,0,0,0,0,/1
463,Dylan Moore\mooredy01,26,SEA,AL,19,39,34,4,7,1,0,1,3,1,0,3,15,.206,.308,.324,.631,74,11,2,2,0,0,0,/546D71
464,Kendrys Morales#\moralke01,36,OAK,AL,22,78,65,4,11,1,0,1,4,0,0,10,11,.169,.295,.231,.526,47,15,2,2,0,1,0,*3/D1
465,Colin Moran*\moranco01,26,PIT,NL,23,57,50,5,13,3,0,2,11,0,0,7,10,.260,.351,.440,.791,110,22,1,0,0,0,1,5/347
466,Mitch Moreland*\morelmi01,33,BOS,AL,26,92,83,12,18,5,0,7,14,0,0,9,20,.217,.293,.530,.824,110,44,5,0,0,0,0,*3/D
467,Adam Morgan*\morgaad01,29,PHI,NL,14,0,0,0,0,0,0,0,0,0,0,0,0,,,,,,0,0,0,0,0,0,1
468,Max Moroff#\morofma01,26,CLE,AL,19,34,31,3,4,1,0,1,4,1,0,2,16,.129,.182,.258,.440,14,8,0,0,1,0,0,46/5
469,Reyes Moronta\moronre01,26,SFG,NL,9,0,0,0,0,0,0,0,0,0,0,0,0,,,,,,0,0,0,0,0,0,1
470,Mike Moustakas*\moustmi01,30,MIL,NL,23,93,81,12,21,5,0,6,13,1,0,11,21,.259,.355,.543,.898,130,44,4,1,0,0,0,*4/5
471,Cedric Mullins#\mullice01,24,BAL,AL,22,74,64,7,6,0,2,0,4,1,0,4,14,.094,.181,.156,.337,-7,10,2,3,2,1,0,*8
472,Max Muncy*\muncyma01,28,LAD,NL,28,97,82,10,19,2,1,5,14,0,0,13,30,.232,.330,.463,.793,108,38,1,0,0,2,1,*3/45
473,Yairo Munoz\munozya01,24,STL,NL,10,11,10,2,2,1,0,0,0,0,0,1,2,.200,.273,.300,.573,54,3,0,0,0,0,0,/95876
474,Daniel Murphy*\murphda08,34,COL,NL,5,25,24,4,6,2,0,1,2,0,0,1,1,.250,.280,.458,.738,77,11,0,0,0,0,0,/3
475,John Ryan Murphy\murphjr01,28,ARI,NL,13,37,32,7,8,1,0,3,4,0,0,5,10,.250,.351,.563,.914,129,18,0,0,0,0,0,2/1
476,Tom Murphy\murphto04,28,SEA,AL,8,30,27,3,10,3,0,2,4,0,0,3,11,.370,.433,.704,1.137,205,19,0,0,0,0,0,/2
477,Harrison Musgrave*\musgrha01,27,COL,NL,7,0,0,0,0,0,0,0,0,0,0,0,0,,,,,,0,0,0,0,0,0,/1
478,Joe Musgrove\musgrjo01,26,PIT,NL,6,10,8,0,0,0,0,0,0,0,0,1,6,.000,.111,.000,.111,-66,0,0,0,1,0,0,/1
479,Wil Myers\myerswi01,28,SDP,NL,26,98,92,13,25,5,0,5,11,2,2,6,33,.272,.316,.489,.805,114,45,4,0,0,0,0,*7/83
480,Tyler Naquin*\naquity01,28,CLE,AL,21,72,69,7,17,4,0,1,7,3,0,3,21,.246,.278,.348,.626,63,24,1,0,0,0,1,*9/D
481,Omar Narvaez*\narvaom01,27,SEA,AL,24,93,82,19,24,2,0,5,13,0,0,10,19,.293,.366,.500,.866,135,41,0,0,0,1,0,*2/4
482,Hector Neris\nerishe01,30,PHI,NL,12,0,0,0,0,0,0,0,0,0,0,0,0,,,,,,0,0,0,0,0,0,1
483,Pat Neshek#\neshepa01,38,PHI,NL,12,0,0,0,0,0,0,0,0,0,0,0,0,,,,,,0,0,0,0,0,0,1
484,Sean Newcomb*\newcose01,26,ATL,NL,3,4,4,0,0,0,0,0,0,0,0,0,3,.000,.000,.000,.000,-100,0,0,0,0,0,0,/1
485,Kevin Newman\newmake01,25,PIT,NL,6,12,11,0,3,1,0,0,2,0,0,1,3,.273,.333,.364,.697,87,4,0,0,0,0,0,/64
486,Juan Nicasio\nicasju01,32,PHI,NL,9,2,2,0,0,0,0,0,0,0,0,0,1,.000,.000,.000,.000,-100,0,0,0,0,0,0,/1
487,Tomas Nido\nidoto01,25,NYM,NL,2,6,6,0,0,0,0,0,0,0,0,0,2,.000,.000,.000,.000,-100,0,0,0,0,0,0,/2
488,Brandon Nimmo*\nimmobr01,26,NYM,NL,24,92,77,15,19,4,0,3,8,1,0,12,32,.247,.363,.416,.778,114,32,0,2,1,0,1,*78
489,Aaron Nola\nolaaa01,26,PHI,NL,6,11,8,2,0,0,0,0,0,0,0,2,4,.000,.200,.000,.200,-40,0,0,0,1,0,0,/1
490,Jake Noll\nollja01,25,WSN,NL,4,7,6,0,1,1,0,0,2,0,0,1,3,.167,.286,.333,.619,60,2,0,0,0,0,0,/5
491,Eduardo Nunez\nunezed02,32,BOS,AL,17,46,44,3,7,1,0,0,5,3,1,1,8,.159,.178,.182,.360,-5,8,4,0,1,0,0,4/5D1
492,Renato Nunez\nunezre01,25,BAL,AL,27,109,101,17,29,5,0,6,18,0,1,7,26,.287,.339,.515,.854,126,52,2,1,0,0,1,*D/37
493,Peter O'Brien\obriepe01,28,MIA,NL,9,30,27,1,3,0,0,1,2,0,0,3,14,.111,.200,.222,.422,17,6,1,0,0,0,0,/9
494,Ryan O'Hearn*\ohearry01,25,KCR,AL,24,91,76,11,14,3,1,3,8,0,0,13,22,.184,.308,.368,.676,80,28,2,1,0,1,1,*3/D
495,Tyler O'Neill\oneilty01,24,STL,NL,16,31,30,4,9,2,0,1,4,0,0,1,11,.300,.323,.467,.789,108,14,2,0,0,0,0,/978
496,Scott Oberg\obergsc01,29,COL,NL,10,0,0,0,0,0,0,0,0,0,0,0,0,,,,,,0,0,0,0,0,0,1
497,Rougned Odor*\odorro01,25,TEX,AL,14,58,51,8,8,2,0,1,5,1,2,6,20,.157,.259,.255,.514,33,13,0,1,0,0,0,4
498,Jake Odorizzi\odorija01,29,MIN,AL,2,1,0,0,0,0,0,0,0,0,0,0,0,,,,,,0,0,0,1,0,0,/1
499,Seunghwan Oh\ohse01,36,COL,NL,10,0,0,0,0,0,0,0,0,0,0,0,0,,,,,,0,0,0,0,0,0,1
500,Matt Olson*\olsonma02,25,OAK,AL,2,6,5,1,1,0,0,0,0,0,0,1,0,.200,.333,.200,.533,52,1,0,0,0,0,0,/3
501,Corey Oswalt\oswalco01,25,NYM,NL,2,3,1,0,0,0,0,0,1,0,0,0,1,.000,.000,.000,.000,-100,0,0,0,1,1,0,/1
502,Adam Ottavino#\ottavad01,33,NYY,AL,1,0,0,0,0,0,0,0,0,0,0,0,0,,,,,,0,0,0,0,0,0,1
503,Chris Owings\owingch01,27,KCR,AL,26,96,88,8,14,3,1,2,8,4,1,8,32,.159,.229,.284,.513,37,25,1,0,0,0,0,4/5896
504,Marcell Ozuna\ozunama01,28,STL,NL,24,101,89,21,24,5,0,10,26,3,0,11,23,.270,.356,.663,1.019,164,59,5,1,0,0,1,*7
505,Chris Paddack\paddach01,23,SDP,NL,5,8,7,0,0,0,0,0,0,0,0,0,5,.000,.000,.000,.000,-100,0,0,0,1,0,0,/1
506,Daniel Palka*\palkada01,27,CHW,AL,13,42,35,0,1,0,0,0,2,0,0,6,15,.029,.190,.029,.219,-34,1,2,1,0,0,0,9
507,Joe Panik*\panikjo01,28,SFG,NL,23,80,71,4,13,3,0,1,6,0,1,7,8,.183,.263,.268,.530,44,19,2,1,0,1,0,*4
508,Thomas Pannone*\pannoth01,25,TOR,AL,1,0,0,0,0,0,0,0,0,0,0,0,0,,,,,,0,0,0,0,0,0,/1
509,Blake Parker\parkebl01,34,MIN,AL,2,0,0,0,0,0,0,0,0,0,0,0,0,,,,,,0,0,0,0,0,0,/1
510,Gerardo Parra*\parrage01,32,SFG,NL,26,87,77,8,16,3,0,1,6,2,1,7,17,.208,.287,.286,.573,56,22,0,2,0,1,2,*7/9
511,Wes Parsons\parsowe01,26,ATL,NL,11,0,0,0,0,0,0,0,0,0,0,0,0,,,,,,0,0,0,0,0,0,1
512,James Paxton*\paxtoja01,30,NYY,AL,1,3,2,0,0,0,0,0,0,0,0,0,2,.000,.000,.000,.000,-100,0,0,0,1,0,0,/1
513,Steve Pearce\pearcst01,36,BOS,AL,12,39,35,2,4,1,0,0,1,0,0,2,16,.114,.184,.143,.327,-12,5,2,1,0,0,0,/3D7
514,Joc Pederson*\pederjo01,27,LAD,NL,27,101,84,19,21,1,2,10,18,0,0,11,19,.250,.366,.667,1.033,167,56,0,5,0,1,0,*7
515,Dustin Pedroia\pedrodu01,35,BOS,AL,6,21,20,1,2,0,0,0,1,0,0,1,2,.100,.143,.100,.243,-34,2,2,0,0,0,0,/4D
516,Felix Pena\penafe01,29,LAA,AL,1,0,0,0,0,0,0,0,0,0,0,0,0,,,,,,0,0,0,0,0,0,/1
517,Hunter Pence\pencehu01,36,TEX,AL,15,52,48,10,14,2,0,2,9,1,1,3,8,.292,.327,.458,.785,98,22,0,0,0,1,0,/D79
518,David Peralta*\peralda01,31,ARI,NL,27,121,114,18,38,13,1,4,19,0,0,6,29,.333,.372,.570,.942,137,65,4,1,0,0,1,*7
519,Freddy Peralta\peralfr01,23,MIL,NL,3,5,5,1,1,0,0,0,1,0,0,0,1,.200,.200,.200,.400,5,1,0,0,0,0,0,/1
520,Wandy Peralta*\peralwa01,27,CIN,NL,10,0,0,0,0,0,0,0,0,0,0,0,0,,,,,,0,0,0,0,0,0,1
521,Jose Peraza\perazjo01,25,CIN,NL,25,79,77,9,14,2,0,2,5,2,1,1,18,.182,.203,.286,.488,26,22,1,1,0,0,0,*46/8
522,Luis Perdomo\perdolu02,26,SDP,NL,2,0,0,0,0,0,0,0,0,0,0,0,0,,,,,,0,0,0,0,0,0,/1
523,Hernan Perez\perezhe01,28,MIL,NL,19,49,45,7,11,1,0,3,6,1,1,4,20,.244,.306,.467,.773,98,21,1,0,0,0,0,4/679
524,Martin Perez*\perezma02,28,MIN,AL,2,1,1,1,0,0,0,0,0,0,0,0,0,.000,.000,.000,.000,-100,0,0,0,0,0,0,/1
525,Michael Perez*\perezmi03,26,TBR,AL,12,37,31,5,8,3,0,0,1,0,0,6,15,.258,.378,.355,.733,102,11,0,0,0,0,0,2/3
526,Roberto Perez\perezro02,30,CLE,AL,18,63,55,3,11,2,0,2,5,0,0,6,22,.200,.286,.345,.631,65,19,1,1,0,1,0,*2
527,Dustin Peterson\peterdu01,24,DET,AL,16,47,44,3,10,4,0,0,6,1,0,2,14,.227,.277,.318,.595,58,14,1,1,0,0,0,/7893D
528,Tim Peterson\peterti01,28,NYM,NL,4,0,0,0,0,0,0,0,0,0,0,0,0,,,,,,0,0,0,0,0,0,/1
529,Jake Petricka\petrija01,31,MIL,NL,5,0,0,0,0,0,0,0,0,0,0,0,0,,,,,,0,0,0,0,0,0,/1
530,Tommy Pham\phamth01,31,TBR,AL,25,116,95,13,29,1,1,4,10,6,2,19,18,.305,.422,.463,.886,141,44,7,1,0,1,0,*7/D
531,Josh Phegley\phegljo01,31,OAK,AL,21,61,59,12,15,4,0,3,11,0,0,1,13,.254,.279,.475,.753,100,28,1,1,0,0,0,*2
532,Kevin Pillar\pillake01,30,TOT,MLB,27,100,93,12,17,3,0,4,15,3,0,3,17,.183,.210,.344,.554,46,32,2,1,0,3,1,*8/D
533,Kevin Pillar\pillake01,30,TOR,AL,5,17,16,1,1,0,0,0,1,0,0,0,3,.063,.059,.063,.121,-67,1,0,0,0,1,0,/8D
534,Kevin Pillar\pillake01,30,SFG,NL,22,83,77,11,16,3,0,4,14,3,0,3,14,.208,.241,.403,.644,69,31,2,1,0,2,1,*8
535,Manny Pina\pinama01,32,MIL,NL,13,27,22,1,4,1,0,0,1,0,0,3,6,.182,.333,.227,.561,52,5,1,2,0,0,0,/2
536,Chad Pinder\pindech01,27,OAK,AL,25,83,79,13,25,6,0,3,11,0,0,2,14,.316,.337,.506,.844,126,40,0,1,0,1,0,7/45396
537,Michael Pineda\pinedmi01,30,MIN,AL,1,2,2,0,0,0,0,0,0,0,0,0,0,.000,.000,.000,.000,-100,0,0,0,0,0,0,/1
538,Jose Pirela\pireljo01,29,SDP,NL,2,5,5,0,0,0,0,0,0,0,0,0,3,.000,.000,.000,.000,-100,0,1,0,0,0,0,/7
539,Stephen Piscotty\piscost01,28,OAK,AL,28,122,110,13,30,5,1,4,14,1,0,11,27,.273,.336,.445,.782,111,49,2,0,0,1,0,*9
540,Nick Pivetta\pivetni01,26,PHI,NL,4,7,7,0,0,0,0,0,0,0,0,0,6,.000,.000,.000,.000,-100,0,0,0,0,0,0,/1
541,Kevin Plawecki\plaweke01,28,CLE,AL,12,33,27,3,6,3,0,1,1,0,0,6,6,.222,.364,.444,.808,111,12,1,0,0,0,0,2/1
542,Gregory Polanco*\polangr01,27,PIT,NL,5,18,17,2,6,1,0,0,0,0,0,1,3,.353,.389,.412,.801,115,7,1,0,0,0,0,/9
543,Jorge Polanco#\polanjo01,25,MIN,AL,23,101,91,15,31,6,3,5,10,0,1,8,14,.341,.396,.637,1.033,169,58,1,1,0,1,0,*6
544,A.J. Pollock\polloaj01,31,LAD,NL,27,111,99,15,23,3,1,2,14,0,1,9,22,.232,.297,.343,.641,71,34,3,1,0,2,1,*8
545,Drew Pomeranz\pomerdr01,30,SFG,NL,4,5,5,0,0,0,0,0,0,0,0,0,4,.000,.000,.000,.000,-100,0,0,0,0,0,0,/1
546,Daniel Ponce de Leon\ponceda01,27,STL,NL,1,1,1,0,0,0,0,0,0,0,0,0,0,.000,.000,.000,.000,-100,0,0,0,0,0,0,/1
547,Rick Porcello\porceri01,30,BOS,AL,1,2,2,0,0,0,0,0,0,0,0,0,0,.000,.000,.000,.000,-100,0,0,0,0,0,0,/1
548,Buster Posey\poseybu01,32,SFG,NL,24,90,81,6,20,8,0,1,8,0,0,8,15,.247,.311,.383,.694,86,31,1,0,0,1,0,*2/3
549,Bobby Poyner*\poynebo01,26,BOS,AL,1,0,0,0,0,0,0,0,0,0,0,0,0,,,,,,0,0,0,0,0,0,/1
550,Martin Prado\pradoma01,35,MIA,NL,21,64,59,5,17,3,0,1,7,0,0,3,8,.288,.313,.390,.702,94,23,1,0,0,2,0,/35D
551,David Price*\priceda01,33,BOS,AL,1,2,2,0,1,0,0,0,1,0,0,0,1,.500,.500,.500,1.000,166,1,0,0,0,0,0,/1
552,Jurickson Profar#\profaju01,26,OAK,AL,27,108,99,9,16,3,1,2,11,3,0,7,15,.162,.222,.273,.495,34,27,2,1,0,1,0,*4/3
553,Yasiel Puig\puigya01,28,CIN,NL,24,92,88,7,18,3,0,4,15,2,1,2,23,.205,.217,.375,.592,50,33,2,0,0,2,0,*9
554,Albert Pujols\pujolal01,39,LAA,AL,25,99,83,10,18,3,0,4,13,0,0,12,13,.217,.323,.398,.721,93,33,3,2,0,2,0,D3
555,Jose Quijada*\quijajo01,23,MIA,NL,1,0,0,0,0,0,0,0,0,0,0,0,0,,,,,,0,0,0,0,0,0,/1
556,Roman Quinn#\quinnro01,26,PHI,NL,7,27,25,1,3,0,0,0,1,0,0,2,14,.120,.185,.120,.305,-17,3,0,0,0,0,0,/8
557,Jose Quintana\quintjo01,30,CHC,NL,4,9,9,0,0,0,0,0,0,0,0,0,7,.000,.000,.000,.000,-100,0,0,0,0,0,0,/1
558,Hanley Ramirez\ramirha01,35,CLE,AL,16,57,49,4,9,1,0,2,8,0,0,8,17,.184,.298,.327,.625,64,16,2,0,0,0,0,D
559,Jose Ramirez#\ramirjo01,26,CLE,AL,26,112,98,13,17,4,0,2,9,8,0,11,16,.173,.268,.276,.543,44,27,2,2,0,1,1,*5
560,Noe Ramirez\ramirno01,29,LAA,AL,1,0,0,0,0,0,0,0,0,0,0,0,0,,,,,,0,0,0,0,0,0,/1
561,Edubray Ramos\ramosed02,26,PHI,NL,7,0,0,0,0,0,0,0,0,0,0,0,0,,,,,,0,0,0,0,0,0,/1
562,Wilson Ramos\ramoswi01,31,NYM,NL,25,87,77,10,20,1,0,1,16,0,0,8,13,.260,.333,.312,.645,80,24,2,1,0,1,2,*2
563,Robbie Ray*\rayro02,27,ARI,NL,6,12,12,0,0,0,0,0,0,0,0,0,7,.000,.000,.000,.000,-100,0,0,0,0,0,0,/1
564,J.T. Realmuto\realmjt01,28,PHI,NL,27,110,97,18,27,4,0,4,18,0,1,9,23,.278,.345,.443,.789,104,43,3,2,0,2,1,*2
565,Josh Reddick*\reddijo01,32,HOU,AL,22,86,79,12,28,3,0,3,6,1,1,7,9,.354,.407,.506,.913,145,40,4,0,0,0,0,*9/73
566,Michael Reed\reedmi02,26,SFG,NL,4,8,8,0,0,0,0,0,0,0,0,0,6,.000,.000,.000,.000,-100,0,0,0,0,0,0,/79
567,Anthony Rendon\rendoan01,29,WSN,NL,20,86,73,21,26,10,0,6,18,0,0,9,15,.356,.442,.740,1.182,198,54,3,3,0,1,1,*5
568,Hunter Renfroe\renfrhu01,27,SDP,NL,24,73,67,9,16,5,1,6,11,0,0,5,17,.239,.288,.612,.900,134,41,2,0,0,1,0,*97
569,Luis Rengifo#\rengilu01,22,LAA,AL,3,12,9,1,3,1,0,0,1,0,0,2,2,.333,.417,.444,.861,133,4,1,0,0,1,0,/4
570,Alex Reyes\reyesal02,24,STL,NL,4,0,0,0,0,0,0,0,0,0,0,0,0,,,,,,0,0,0,0,0,0,/1
571,Franmil Reyes\reyesfr01,23,SDP,NL,27,82,73,7,14,2,0,6,11,0,0,7,19,.192,.256,.466,.722,90,34,1,0,0,2,0,*9
572,Gerardo Reyes\reyesge01,26,SDP,NL,2,0,0,0,0,0,0,0,0,0,0,0,0,,,,,,0,0,0,0,0,0,/1
573,Pablo Reyes\reyespa01,25,PIT,NL,21,36,33,4,4,0,0,0,2,0,0,3,12,.121,.194,.121,.316,-12,4,0,0,0,0,0,/97486
574,Bryan Reynolds#\reynobr01,24,PIT,NL,6,20,20,0,8,4,0,0,0,0,0,0,6,.400,.400,.600,1.000,163,12,0,0,0,0,0,/8
575,Mark Reynolds\reynoma01,35,COL,NL,25,64,51,5,10,1,0,3,8,1,0,9,24,.196,.328,.392,.720,77,20,1,2,0,2,0,3/D
576,Jacob Rhame\rhameja01,26,NYM,NL,3,0,0,0,0,0,0,0,0,0,0,0,0,,,,,,0,0,0,0,0,0,/1
577,Trevor Richards\richatr01,26,MIA,NL,6,10,10,0,1,0,0,0,0,0,0,0,6,.100,.100,.100,.200,-44,1,0,0,0,0,0,/1
578,Joey Rickard\rickajo01,28,BAL,AL,28,87,80,9,17,4,2,2,6,1,2,6,24,.213,.276,.388,.663,77,31,0,1,0,0,0,*98/7D
579,JT Riddle*\riddljt01,27,MIA,NL,15,32,32,3,5,0,0,2,3,0,0,0,11,.156,.156,.344,.500,33,11,0,0,0,0,0,6
580,Anthony Rizzo*\rizzoan01,29,CHC,NL,25,111,91,19,20,5,1,5,16,0,0,15,18,.220,.360,.462,.822,112,42,1,5,0,0,0,*3
581,Tanner Roark\roarkta01,32,CIN,NL,5,8,8,0,0,0,0,0,0,0,0,0,3,.000,.000,.000,.000,-100,0,0,0,0,0,0,/1
582,Daniel Robertson\roberda10,25,TBR,AL,23,80,71,6,12,3,0,0,7,1,0,9,23,.169,.263,.211,.474,32,15,3,0,0,0,0,*5/46
583,David Robertson\roberda08,34,PHI,NL,7,0,0,0,0,0,0,0,0,0,0,0,0,,,,,,0,0,0,0,0,0,/1
584,Drew Robinson*\robindr01,27,STL,NL,5,7,7,1,1,0,0,0,0,0,0,0,3,.143,.143,.143,.286,-23,1,0,0,0,0,0,/89
585,Hansel Robles\robleha01,28,LAA,AL,1,0,0,0,0,0,0,0,0,0,0,0,0,,,,,,0,0,0,0,0,0,1
586,Victor Robles\roblevi01,22,WSN,NL,25,99,92,17,24,7,1,3,10,7,1,5,29,.261,.306,.457,.763,94,42,0,1,1,0,0,*8/9
587,Dereck Rodriguez\rodride01,27,SFG,NL,6,12,12,1,2,0,0,0,0,0,0,0,7,.167,.167,.167,.333,-9,2,0,0,0,0,0,/1
588,Richard Rodriguez\rodriri05,29,PIT,NL,12,0,0,0,0,0,0,0,0,0,0,0,0,,,,,,0,0,0,0,0,0,1
589,Ronny Rodriguez\rodriro03,27,DET,AL,6,25,23,5,7,4,0,2,4,0,0,1,8,.304,.320,.739,1.059,169,17,0,0,0,1,0,/64
590,Sean Rodriguez\rodrise01,34,PHI,NL,4,15,13,2,3,2,0,1,3,0,0,1,3,.231,.286,.615,.901,125,8,0,0,1,0,0,/6
591,Chaz Roe\roech01,32,TBR,AL,2,0,0,0,0,0,0,0,0,0,0,0,0,,,,,,0,0,0,0,0,0,1
592,Taylor Rogers*\rogerta01,28,MIN,AL,2,0,0,0,0,0,0,0,0,0,0,0,0,,,,,,0,0,0,0,0,0,1
593,Miguel Rojas\rojasmi02,30,MIA,NL,25,88,80,7,22,6,0,0,7,0,0,6,8,.275,.330,.350,.680,90,28,5,1,0,1,0,*6/34
594,Austin Romine\rominau01,30,NYY,AL,12,46,44,5,11,1,0,1,8,0,0,1,10,.250,.267,.341,.608,59,15,1,0,1,0,0,2
595,Sergio Romo\romose01,36,MIA,NL,9,0,0,0,0,0,0,0,0,0,0,0,0,,,,,,0,0,0,0,0,0,1
596,Jose Rondon\rondojo02,25,CHW,AL,11,36,34,4,10,2,0,2,4,0,0,2,11,.294,.333,.529,.863,128,18,1,0,0,0,0,/465
597,Amed Rosario\rosaram01,23,NYM,NL,24,101,95,9,25,3,2,2,15,2,1,6,24,.263,.307,.400,.707,93,38,2,0,0,0,1,*6
598,Eddie Rosario*\rosared01,27,MIN,AL,24,101,95,19,25,5,0,11,24,0,0,6,17,.263,.307,.663,.970,148,63,3,0,0,0,0,*7/8D
599,Randy Rosario*\rosarra01,25,CHC,NL,7,1,1,0,0,0,0,0,0,0,0,0,0,.000,.000,.000,.000,-100,0,0,0,0,0,0,/1
600,Trevor Rosenthal\rosentr01,29,WSN,NL,7,0,0,0,0,0,0,0,0,0,0,0,0,,,,,,0,0,0,0,0,0,/1
601,Joe Ross\rossjo01,26,WSN,NL,5,0,0,0,0,0,0,0,0,0,0,0,0,,,,,,0,0,0,0,0,0,/1
602,Rio Ruiz*\ruizri01,25,BAL,AL,27,98,84,8,21,2,0,2,10,0,0,13,20,.250,.347,.345,.692,89,29,4,0,0,1,0,*5/3D
603,Kyle Ryan*\ryanky01,27,CHC,NL,9,0,0,0,0,0,0,0,0,0,0,0,0,,,,,,0,0,0,0,0,0,/1
604,Hyun-Jin Ryu\ryuhy01,32,LAD,NL,6,11,7,1,0,0,0,0,0,0,0,2,5,.000,.222,.000,.222,-32,0,0,0,2,0,0,/1
605,Tyler Saladino\saladty01,29,MIL,NL,2,2,2,0,0,0,0,0,0,0,0,0,1,.000,.000,.000,.000,-100,0,0,0,0,0,0,/7
606,Jeff Samardzija\samarje01,34,SFG,NL,4,6,5,0,0,0,0,0,0,0,0,0,3,.000,.000,.000,.000,-100,0,0,0,1,0,0,/1
607,Anibal Sanchez\sanchan01,35,WSN,NL,5,10,10,0,1,0,0,0,0,0,0,0,6,.100,.100,.100,.200,-48,1,0,0,0,0,0,/1
608,Gary Sanchez\sanchga02,26,NYY,AL,14,58,52,7,12,1,0,7,15,0,0,4,16,.231,.310,.654,.964,145,34,0,2,0,0,0,2/D
609,Yolmer Sanchez#\sanchca01,27,CHW,AL,20,68,61,7,14,2,0,0,2,1,1,7,19,.230,.309,.262,.571,57,16,0,0,0,0,0,*4
610,Pablo Sandoval#\sandopa01,32,SFG,NL,24,40,40,7,12,7,0,2,5,0,0,0,11,.300,.300,.625,.925,140,25,1,0,0,0,0,/35D
611,Carlos Santana#\santaca01,33,CLE,AL,25,105,86,14,26,5,0,1,13,1,0,18,18,.302,.429,.395,.824,119,34,3,1,0,0,5,*3/D
612,Danny Santana#\santada01,28,TEX,AL,13,57,54,10,17,4,1,2,8,4,1,1,15,.315,.339,.537,.876,120,29,0,1,0,0,0,4/3
613,Dennis Santana\santade01,23,LAD,NL,3,2,2,0,1,0,0,0,0,0,0,0,0,.500,.500,.500,1.000,169,1,0,0,0,0,0,/1
614,Domingo Santana\santado01,26,SEA,AL,29,137,121,16,36,6,0,6,30,4,0,14,36,.298,.368,.496,.864,135,60,3,0,0,1,0,*7/9
615,Scott Schebler*\schebsc01,28,CIN,NL,25,80,68,10,9,1,0,2,5,0,1,12,25,.132,.263,.235,.498,32,16,2,0,0,0,0,*8/79
616,Max Scherzer\scherma01,34,WSN,NL,6,16,16,1,2,0,0,0,1,0,0,0,8,.125,.125,.125,.250,-35,2,1,0,0,0,0,/1
617,Jonathan Schoop\schoojo01,27,MIN,AL,22,85,79,14,21,7,0,4,11,0,0,3,18,.266,.318,.506,.824,115,40,1,3,0,0,0,*4
618,Jaime Schultz\schulja02,28,LAD,NL,3,0,0,0,0,0,0,0,0,0,0,0,0,,,,,,0,0,0,0,0,0,/1
619,Kyle Schwarber*\schwaky01,26,CHC,NL,22,82,76,8,17,4,0,3,6,0,1,6,23,.224,.280,.395,.675,73,30,1,0,0,0,0,*7/D
620,Frank Schwindel\schwifr01,27,KCR,AL,6,15,15,0,1,0,0,0,0,0,0,0,2,.067,.067,.067,.133,-64,1,0,0,0,0,0,/3
621,Corey Seager*\seageco01,25,LAD,NL,29,113,98,17,25,7,0,2,7,0,0,14,25,.255,.354,.388,.742,98,38,2,1,0,0,1,*6
622,Jean Segura\segurje01,29,PHI,NL,17,75,68,13,22,5,1,1,10,1,0,5,11,.324,.387,.471,.857,123,32,0,2,0,0,0,6
623,Marcus Semien\semiema01,28,OAK,AL,29,124,109,21,34,8,0,4,16,1,1,14,14,.312,.387,.495,.883,139,54,4,0,0,1,0,*6
624,Antonio Senzatela\senzaan01,24,COL,NL,3,7,6,0,0,0,0,0,0,0,0,0,3,.000,.000,.000,.000,-100,0,0,0,1,0,0,/1
625,Pedro Severino\severpe01,25,BAL,AL,13,43,39,4,9,1,0,3,7,0,0,3,10,.231,.302,.487,.790,108,19,0,1,0,0,0,2
626,Paul Sewald\sewalpa01,29,NYM,NL,3,1,1,0,0,0,0,0,0,0,0,0,0,.000,.000,.000,.000,-100,0,0,0,0,0,0,/1
627,Bryan Shaw#\shawbr01,31,COL,NL,11,0,0,0,0,0,0,0,0,0,0,0,0,,,,,,0,0,0,0,0,0,1
628,Travis Shaw*\shawtr01,29,MIL,NL,26,105,93,9,18,3,0,4,8,0,0,10,35,.194,.286,.355,.641,66,33,3,2,0,0,2,*5/4
629,JB Shuck*\shuckja01,32,PIT,NL,23,53,43,3,9,0,1,0,2,1,1,8,9,.209,.346,.256,.602,66,11,0,1,1,0,0,/9781
630,Andrelton Simmons\simmoan01,29,LAA,AL,27,116,113,12,31,10,0,3,15,2,0,3,11,.274,.293,.442,.736,94,50,7,0,0,0,0,*6/D
631,Tony Sipp*\sippto01,35,WSN,NL,12,0,0,0,0,0,0,0,0,0,0,0,0,,,,,,0,0,0,0,0,0,1
632,Tyler Skaggs*\skaggty01,27,LAA,AL,1,1,1,0,0,0,0,0,0,0,0,0,1,.000,.000,.000,.000,-100,0,0,0,0,0,0,/1
633,Caleb Smith\smithca03,27,MIA,NL,6,10,9,0,1,0,0,0,1,0,0,0,4,.111,.111,.111,.222,-38,1,0,0,1,0,0,/1
634,Dominic Smith*\smithdo02,24,NYM,NL,24,32,25,7,10,2,0,0,4,0,0,6,5,.400,.531,.480,1.011,183,12,0,1,0,0,0,3
635,Dwight Smith Jr.*\smithdw02,26,BAL,AL,25,106,97,17,27,7,0,5,19,3,0,7,18,.278,.330,.505,.835,121,49,3,1,0,1,0,*7/D
636,Kevan Smith\smithke04,31,LAA,AL,13,47,41,6,11,3,0,1,3,0,0,4,6,.268,.362,.415,.776,109,17,3,2,0,0,0,/2D
637,Mallex Smith*\smithma05,26,SEA,AL,26,106,93,15,16,1,2,1,5,8,1,11,31,.172,.264,.258,.522,45,24,0,1,0,1,0,*8/D
638,Will Smith\smithwi04,29,SFG,NL,8,0,0,0,0,0,0,0,0,0,0,0,0,,,,,,0,0,0,0,0,0,/1
639,Justin Smoak#\smoakju01,32,TOR,AL,23,99,82,15,23,3,0,5,17,0,0,15,20,.280,.404,.500,.904,144,41,2,2,0,0,0,3/D
640,Chad Sobotka\sobotch01,25,ATL,NL,11,1,1,0,0,0,0,0,0,0,0,0,1,.000,.000,.000,.000,-100,0,0,0,0,0,0,1
641,Eric Sogard*\sogarer01,33,TOR,AL,9,41,35,7,14,3,0,2,8,2,0,5,5,.400,.475,.657,1.132,203,23,0,0,1,0,0,/465
642,Yangervis Solarte#\solarya01,31,SFG,NL,21,56,51,7,12,4,0,1,7,0,0,4,10,.235,.291,.373,.663,78,19,2,0,1,0,1,/4765
643,Jorge Soler\solerjo01,27,KCR,AL,27,112,103,11,24,7,0,6,15,0,1,9,41,.233,.295,.476,.770,101,49,2,0,0,0,0,9D
644,Mike Soroka\sorokmi01,21,ATL,NL,2,4,3,0,0,0,0,0,0,0,0,0,1,.000,.000,.000,.000,-100,0,0,0,1,0,0,/1
645,Juan Soto*\sotoju01,20,WSN,NL,25,111,92,15,23,5,0,5,19,2,0,18,30,.250,.378,.467,.846,118,43,1,1,0,0,0,*7
646,Glenn Sparkman#\sparkgl01,27,KCR,AL,1,0,0,0,0,0,0,0,0,0,0,0,0,,,,,,0,0,0,0,0,0,/1
647,George Springer\springe01,29,HOU,AL,27,124,107,19,29,6,0,8,22,3,1,15,32,.271,.363,.551,.914,142,59,2,1,0,1,0,*89/D
648,Jacob Stallings\stallja01,29,PIT,NL,4,11,11,1,3,0,0,0,0,0,0,0,3,.273,.273,.273,.545,47,3,0,0,0,0,0,/2
649,Eric Stamets\stameer01,27,CLE,AL,15,48,41,4,2,1,0,0,2,0,0,5,24,.049,.149,.073,.222,-38,3,2,0,1,1,0,6
650,Craig Stammen\stammcr01,35,SDP,NL,14,0,0,0,0,0,0,0,0,0,0,0,0,,,,,,0,0,0,0,0,0,1
651,Ryne Stanek\stanery01,27,TBR,AL,1,0,0,0,0,0,0,0,0,0,0,0,0,,,,,,0,0,0,0,0,0,1
652,Giancarlo Stanton\stantmi03,29,NYY,AL,3,15,8,1,2,0,0,0,0,0,0,7,4,.250,.600,.250,.850,140,2,0,0,0,0,0,/7
653,Max Stassi\stassma01,28,HOU,AL,9,30,29,1,3,0,0,1,2,0,0,1,11,.103,.133,.207,.340,-10,6,0,0,0,0,0,/2
654,Drew Steckenrider\steckdr01,28,MIA,NL,11,0,0,0,0,0,0,0,0,0,0,0,0,,,,,,0,0,0,0,0,0,1
655,Robert Stephenson\stephro01,26,CIN,NL,10,0,0,0,0,0,0,0,0,0,0,0,0,,,,,,0,0,0,0,0,0,1
656,Andrew Stevenson*\stevean01,25,WSN,NL,6,6,4,2,1,0,0,0,0,0,0,1,2,.250,.500,.250,.750,105,1,0,1,0,0,0,
657,Brock Stewart*\stewabr01,27,LAD,NL,3,3,3,1,1,1,0,0,0,0,0,0,0,.333,.333,.667,1.000,157,2,0,0,0,0,0,/1
658,Christin Stewart*\stewach02,25,DET,AL,16,64,54,6,12,5,1,3,13,0,0,7,16,.222,.313,.519,.831,116,28,0,1,0,2,1,7/D
659,Robert Stock*\stockro01,29,SDP,NL,7,0,0,0,0,0,0,0,0,0,0,0,0,,,,,,0,0,0,0,0,0,/1
660,Trevor Story\storytr01,26,COL,NL,27,118,106,21,31,4,1,7,19,6,2,9,30,.292,.356,.547,.903,118,58,1,2,0,1,0,*6
661,Matt Strahm\strahma01,27,SDP,NL,5,8,8,0,2,1,0,0,0,0,0,0,6,.250,.250,.375,.625,66,3,0,0,0,0,0,/1
662,Stephen Strasburg\strasst01,30,WSN,NL,6,12,11,0,1,1,0,0,1,0,0,1,4,.091,.167,.182,.348,-9,2,0,0,0,0,0,/1
663,Chris Stratton\stratch01,28,LAA,AL,1,2,2,0,0,0,0,0,0,0,0,0,0,.000,.000,.000,.000,-100,0,1,0,0,0,0,/1
664,Ross Stripling\stripro01,29,LAD,NL,6,13,10,1,1,0,0,0,0,0,0,1,4,.100,.182,.100,.282,-21,1,1,0,2,0,0,/1
665,Pedro Strop\stroppe01,34,CHC,NL,7,0,0,0,0,0,0,0,0,0,0,0,0,,,,,,0,0,0,0,0,0,/1
666,Eugenio Suarez\suareeu01,27,CIN,NL,26,101,87,10,21,5,0,6,14,0,1,13,23,.241,.347,.506,.852,119,44,2,1,0,0,1,*5
667,Jesus Sucre\sucreje01,31,BAL,AL,20,67,62,3,13,2,0,0,3,0,0,4,13,.210,.269,.242,.511,40,15,1,1,0,0,0,*2/3D1
668,Wander Suero\suerowa01,27,WSN,NL,13,1,1,0,0,0,0,0,0,0,0,0,1,.000,.000,.000,.000,-100,0,0,0,0,0,0,1
669,Ichiro Suzuki*\suzukic01,45,SEA,AL,2,6,5,0,0,0,0,0,0,0,0,1,1,.000,.167,.000,.167,-47,0,0,0,0,0,0,/9
670,Kurt Suzuki\suzukku01,35,WSN,NL,12,43,39,4,9,1,0,2,8,0,1,2,8,.231,.279,.410,.689,75,16,2,1,0,1,0,2
671,Dansby Swanson\swansda01,25,ATL,NL,26,100,85,13,21,4,2,5,21,2,1,12,23,.247,.340,.518,.858,122,44,0,1,0,2,1,*6
672,Erik Swanson\swanser01,25,SEA,AL,1,2,2,0,0,0,0,0,0,0,0,0,1,.000,.000,.000,.000,-100,0,0,0,0,0,0,/1
673,Blake Swihart#\swihabl01,27,TOT,MLB,17,41,37,5,7,1,0,1,6,0,0,3,11,.189,.268,.297,.566,48,11,1,1,0,0,0,/2973
674,Blake Swihart#\swihabl01,27,BOS,AL,12,29,26,4,6,1,0,1,4,0,0,2,7,.231,.310,.385,.695,82,10,0,1,0,0,0,/237
675,Blake Swihart#\swihabl01,27,ARI,NL,5,12,11,1,1,0,0,0,2,0,0,1,4,.091,.167,.091,.258,-30,1,1,0,0,0,0,/97
676,Noah Syndergaard*\syndeno01,26,NYM,NL,6,14,11,3,1,0,0,1,1,0,0,2,8,.091,.231,.364,.594,60,4,0,0,1,0,0,/1
677,Jameson Taillon\taillja01,27,PIT,NL,6,11,8,0,2,0,0,0,0,0,0,0,3,.250,.250,.250,.500,35,2,0,0,3,0,0,/1
678,Raimel Tapia*\tapiara01,25,COL,NL,25,66,62,4,17,4,3,3,10,0,2,4,19,.274,.318,.581,.899,114,36,0,0,0,0,0,7/D9
679,Fernando Tatis Jr.\tatisfe02,20,SDP,NL,26,106,95,13,27,5,1,6,13,5,2,8,32,.284,.349,.547,.896,138,52,1,2,0,1,0,*6
680,Mike Tauchman*\tauchmi01,28,NYY,AL,20,63,54,9,10,4,0,3,8,1,0,9,19,.185,.302,.426,.728,90,23,3,0,0,0,0,*7/98
681,Chris Taylor\tayloch03,28,LAD,NL,28,73,64,2,11,2,0,1,7,1,0,7,20,.172,.260,.250,.510,38,16,1,1,0,1,0,7/648
682,Michael A. Taylor\taylomi02,28,WSN,NL,9,15,11,2,3,1,0,0,0,1,0,3,6,.273,.429,.364,.792,109,4,0,0,1,0,0,/8
683,Julio Teheran\teherju01,28,ATL,NL,5,11,11,0,0,0,0,0,0,0,0,0,5,.000,.000,.000,.000,-100,0,0,0,0,0,0,/1
684,Rowdy Tellez*\tellero01,24,TOR,AL,23,77,68,11,16,2,0,5,16,0,0,6,23,.235,.312,.485,.797,112,33,0,2,0,1,0,D/3
685,Eric Thames*\thameer01,32,MIL,NL,26,59,51,10,15,1,0,5,16,0,0,5,22,.294,.373,.608,.981,150,31,0,2,0,1,0,3/9D
686,Lane Thomas\thomala02,23,STL,NL,7,11,10,1,4,0,0,1,4,1,0,1,1,.400,.455,.700,1.155,203,7,0,0,0,0,0,/89
687,Tyler Thornburg\thornty01,30,BOS,AL,1,0,0,0,0,0,0,0,0,0,0,0,0,,,,,,0,0,0,0,0,0,1
688,Josh Tomlin\tomlijo01,34,ATL,NL,6,0,0,0,0,0,0,0,0,0,0,0,0,,,,,,0,0,0,0,0,0,/1
689,Gleyber Torres\torregl01,22,NYY,AL,27,114,106,14,27,6,0,4,12,3,0,5,28,.255,.283,.425,.708,84,45,1,0,1,2,0,*6/4
690,Touki Toussaint\toussto01,23,ATL,NL,1,4,4,0,0,0,0,0,0,0,0,0,3,.000,.000,.000,.000,-100,0,0,0,0,0,0,/1
691,Sam Travis\travisa01,25,BOS,AL,2,7,7,0,2,0,0,0,0,0,0,0,0,.286,.286,.286,.571,52,2,0,0,0,0,0,/3D
692,Mike Trout\troutmi01,27,LAA,AL,25,111,78,17,23,5,0,6,16,3,1,28,13,.295,.495,.590,1.085,191,46,2,4,0,1,6,*8/D
693,Cole Tucker#\tuckeco01,22,PIT,NL,8,29,27,2,6,3,0,1,2,0,0,2,10,.222,.276,.444,.720,88,12,1,0,0,0,1,/6
694,Troy Tulowitzki\tulowtr01,34,NYY,AL,5,13,11,1,2,1,0,1,1,0,0,2,4,.182,.308,.545,.853,119,6,1,0,0,0,0,/6
695,Justin Turner\turneju01,34,LAD,NL,27,115,96,9,26,3,0,0,9,0,0,14,21,.271,.374,.302,.676,84,29,6,3,0,2,0,*5
696,Trea Turner\turnetr01,26,WSN,NL,4,15,14,4,5,1,0,2,4,4,0,1,5,.357,.400,.857,1.257,212,12,0,0,0,0,0,/6
697,Jose Urena\urenajo01,27,MIA,NL,7,9,8,1,0,0,0,0,0,0,0,0,7,.000,.000,.000,.000,-100,0,1,0,1,0,0,/1
698,Richard Urena#\urenari01,23,TOR,AL,11,35,32,2,10,3,0,0,0,0,0,1,8,.313,.333,.406,.740,100,13,0,0,2,0,0,/465
699,Julio Urias*\uriasju01,22,LAD,NL,5,7,3,0,1,0,0,0,1,0,0,0,1,.333,.333,.333,.667,79,1,0,0,4,0,0,/1
700,Luis Urias\uriaslu01,22,SDP,NL,11,29,24,2,2,1,0,0,0,0,0,4,11,.083,.241,.125,.366,5,3,3,1,0,0,0,/456
701,Gio Urshela\urshegi01,27,NYY,AL,19,62,55,7,18,6,0,1,6,1,0,5,9,.327,.387,.491,.878,131,27,2,1,0,1,0,*5
702,Pat Valaika\valaipa01,26,COL,NL,15,31,27,3,2,1,0,0,0,0,0,4,13,.074,.194,.111,.305,-21,3,0,0,0,0,0,/43D
703,Ildemaro Vargas#\vargail01,27,ARI,NL,19,39,39,6,8,3,0,1,4,1,0,0,7,.205,.205,.359,.564,41,14,2,0,0,0,0,/45
704,Jason Vargas*\vargaja01,36,NYM,NL,5,8,7,0,0,0,0,0,0,0,0,0,4,.000,.000,.000,.000,-100,0,0,0,1,0,0,/1
705,Andrew Vasquez*\vasquan02,25,MIN,AL,1,0,0,0,0,0,0,0,0,0,0,0,0,,,,,,0,0,0,0,0,0,/1
706,Christian Vazquez\vazquch01,28,BOS,AL,21,72,67,10,15,3,0,4,13,1,1,4,14,.224,.264,.448,.712,82,30,2,0,0,1,1,*2/34D
707,Felipe Vazquez*\riverfe01,27,PIT,NL,9,1,1,0,0,0,0,0,0,0,0,0,0,.000,.000,.000,.000,-100,0,0,0,0,0,0,1
708,Vince Velasquez\velasvi01,27,PHI,NL,5,8,6,0,1,0,0,0,0,0,0,1,0,.167,.286,.167,.452,23,1,0,0,1,0,0,/1
709,Hector Velazquez\velazhe01,30,BOS,AL,1,1,1,0,0,0,0,0,0,0,0,0,1,.000,.000,.000,.000,-100,0,0,0,0,0,0,/1
710,Jonny Venters*\ventejo01,34,ATL,NL,6,0,0,0,0,0,0,0,0,0,0,0,0,,,,,,0,0,0,0,0,0,/1
711,Alex Verdugo*\verdual01,23,LAD,NL,27,64,62,8,22,4,2,4,16,0,0,2,8,.355,.375,.677,1.052,172,42,1,0,0,0,0,*9/78
712,Jonathan Villar#\villajo01,28,BAL,AL,28,126,114,19,31,5,1,3,10,6,1,11,22,.272,.341,.412,.754,103,47,2,1,0,0,0,*46
713,Nick Vincent\vinceni01,32,SFG,NL,10,0,0,0,0,0,0,0,0,0,0,0,0,,,,,,0,0,0,0,0,0,1
714,Arodys Vizcaino\vizcaar01,28,ATL,NL,4,0,0,0,0,0,0,0,0,0,0,0,0,,,,,,0,0,0,0,0,0,/1
715,Daniel Vogelbach*\vogelda01,26,SEA,AL,23,88,68,15,20,5,0,8,16,0,0,18,20,.294,.443,.721,1.164,212,49,1,1,0,1,0,*D/3
716,Luke Voit\voitlu01,28,NYY,AL,27,121,102,19,27,3,0,8,23,0,0,16,30,.265,.380,.529,.910,137,54,3,3,0,0,0,3D
717,Joey Votto*\vottojo01,35,CIN,NL,24,96,82,13,19,6,0,3,5,0,0,13,25,.232,.344,.415,.758,97,34,2,1,0,0,0,*3
718,Michael Wacha\wachami01,27,STL,NL,4,8,6,0,0,0,0,0,0,0,0,0,5,.000,.000,.000,.000,-100,0,0,0,2,0,0,/1
719,Tyler Wade*\wadety01,24,NYY,AL,16,44,37,7,9,0,0,0,3,5,0,6,15,.243,.349,.243,.592,62,9,0,0,1,0,0,4/796
720,Adam Wainwright\wainwad01,37,STL,NL,5,9,7,0,1,0,0,0,1,0,0,1,5,.143,.250,.143,.393,10,1,0,0,1,0,0,/1
721,Marcus Walden\waldema01,30,BOS,AL,1,1,1,0,0,0,0,0,0,0,0,0,1,.000,.000,.000,.000,-100,0,0,0,0,0,0,/1
722,Mitch Walding*\waldimi01,26,PHI,NL,2,2,2,0,0,0,0,0,0,0,0,0,2,.000,.000,.000,.000,-100,0,0,0,0,0,0,
723,Christian Walker\walkech02,28,ARI,NL,26,102,93,15,29,9,0,7,15,3,0,9,30,.312,.373,.634,1.007,152,59,0,0,0,0,1,*3
724,Neil Walker#\walkene01,33,MIA,NL,27,87,77,6,20,4,0,3,4,1,0,9,18,.260,.345,.429,.773,113,33,4,1,0,0,0,*3/D
725,Chad Wallach\wallach01,27,MIA,NL,10,30,25,4,7,1,0,1,1,0,0,5,7,.280,.400,.440,.840,134,11,0,0,0,0,0,/2
726,Taylor Ward\wardta01,25,LAA,AL,3,6,6,0,1,1,0,0,0,0,0,0,4,.167,.167,.333,.500,29,2,0,0,0,0,0,/5
727,Adam Warren\warread01,31,SDP,NL,9,0,0,0,0,0,0,0,0,0,0,0,0,,,,,,0,0,0,0,0,0,/1
728,Tony Watson*\watsoto01,34,SFG,NL,8,0,0,0,0,0,0,0,0,0,0,0,0,,,,,,0,0,0,0,0,0,/1
729,Luke Weaver\weavelu01,25,ARI,NL,6,9,9,1,1,0,0,1,2,0,0,0,6,.111,.111,.444,.556,32,4,0,0,0,0,0,/1
730,Jacob Webb\webbja01,25,ATL,NL,3,0,0,0,0,0,0,0,0,0,0,0,0,,,,,,0,0,0,0,0,0,/1
731,Tyler Webb*\webbty01,28,STL,NL,8,0,0,0,0,0,0,0,0,0,0,0,0,,,,,,0,0,0,0,0,0,/1
732,Allen Webster\webstal01,29,CHC,NL,8,0,0,0,0,0,0,0,0,0,0,0,0,,,,,,0,0,0,0,0,0,/1
733,Joey Wendle*\wendljo01,29,TBR,AL,8,25,22,0,3,1,0,0,2,0,0,0,6,.136,.240,.182,.422,18,4,0,3,0,0,0,/456
734,Zack Wheeler*\wheelza01,29,NYM,NL,5,11,11,2,3,1,0,1,3,0,0,0,4,.273,.273,.636,.909,139,7,0,0,0,0,0,/1
735,Tyler White\whitety01,28,HOU,AL,15,50,41,3,11,2,0,0,0,0,0,9,15,.268,.400,.317,.717,99,13,1,0,0,0,0,/D3
736,Brad Wieck*\wieckbr01,27,SDP,NL,9,1,1,0,0,0,0,0,0,0,0,0,0,.000,.000,.000,.000,-100,0,0,0,0,0,0,/1
737,Matt Wieters#\wietema01,33,STL,NL,8,13,11,0,4,0,0,0,5,1,1,0,4,.364,.385,.364,.748,103,4,0,1,0,1,0,/2
738,Aaron Wilkerson\wilkeaa01,30,MIL,NL,2,1,1,1,1,0,0,1,2,0,0,0,0,1.000,1.000,4.000,5.000,1107,4,0,0,0,0,0,/1
739,Stevie Wilkerson#\wilkest01,27,BAL,AL,5,16,16,2,3,0,0,1,1,1,0,0,7,.188,.188,.375,.563,46,6,0,0,0,0,0,/9748
740,Austen Williams\williau01,26,WSN,NL,2,0,0,0,0,0,0,0,0,0,0,0,0,,,,,,0,0,0,0,0,0,/1
741,Nick Williams*\willini01,25,PHI,NL,24,32,30,3,6,2,0,1,4,0,0,1,10,.200,.250,.367,.617,58,11,1,1,0,0,0,/79
742,Taylor Williams#\willita01,27,MIL,NL,4,0,0,0,0,0,0,0,0,0,0,0,0,,,,,,0,0,0,0,0,0,/1
743,Trevor Williams\willitr01,27,PIT,NL,4,9,8,0,1,0,0,0,2,0,0,1,4,.125,.222,.125,.347,-3,1,0,0,0,0,0,/1
744,Alex Wilson\wilsoal01,32,MIL,NL,11,0,0,0,0,0,0,0,0,0,0,0,0,,,,,,0,0,0,0,0,0,1
745,Bryse Wilson\wilsobr02,21,ATL,NL,2,2,2,0,0,0,0,0,0,0,0,0,2,.000,.000,.000,.000,-100,0,0,0,0,0,0,/1
746,Justin Wilson*\wilsoju10,31,NYM,NL,9,0,0,0,0,0,0,0,0,0,0,0,0,,,,,,0,0,0,0,0,0,/1
747,Trey Wingenter\wingetr01,25,SDP,NL,13,0,0,0,0,0,0,0,0,0,0,0,0,,,,,,0,0,0,0,0,0,1
748,Jesse Winker*\winkeje01,25,CIN,NL,26,89,80,14,19,1,0,7,12,0,1,8,17,.238,.315,.513,.827,111,41,1,1,0,0,0,*7/89
749,Dan Winkler\winklda01,29,ATL,NL,5,0,0,0,0,0,0,0,0,0,0,0,0,,,,,,0,0,0,0,0,0,/1
750,Patrick Wisdom\wisdopa01,27,TEX,AL,9,28,26,1,4,1,0,0,1,0,0,1,15,.154,.185,.192,.377,-3,5,0,0,1,0,0,/35
751,Matt Wisler\wislema01,26,SDP,NL,4,0,0,0,0,0,0,0,0,0,0,0,0,,,,,,0,0,0,0,0,0,/1
752,Tony Wolters*\wolteto01,27,COL,NL,18,59,52,3,14,6,0,0,4,0,0,7,8,.269,.356,.385,.741,83,20,0,0,0,0,3,2/4
753,Kolten Wong*\wongko01,28,STL,NL,26,104,83,13,22,3,1,4,14,4,0,16,15,.265,.404,.470,.874,134,39,0,4,0,1,3,*4
754,Brandon Woodruff*\woodrbr01,26,MIL,NL,6,12,11,1,5,2,0,0,2,0,0,1,6,.455,.500,.636,1.136,194,7,0,0,0,0,0,/1
755,Brandon Workman\workmbr01,30,BOS,AL,2,0,0,0,0,0,0,0,0,0,0,0,0,,,,,,0,0,0,0,0,0,1
756,Kyle Wright\wrighky01,23,ATL,NL,3,5,5,0,0,0,0,0,0,0,0,0,3,.000,.000,.000,.000,-100,0,0,0,0,0,0,/1
757,Ryan Yarbrough\yarbrry01,27,TBR,AL,1,0,0,0,0,0,0,0,0,0,0,0,0,,,,,,0,0,0,0,0,0,/1
758,Kirby Yates*\yateski01,32,SDP,NL,15,0,0,0,0,0,0,0,0,0,0,0,0,,,,,,0,0,0,0,0,0,1
759,Christian Yelich*\yelicch01,27,MIL,NL,28,122,100,26,35,4,0,14,34,6,0,20,20,.350,.459,.810,1.269,221,81,0,1,0,1,6,*9/8D7
760,Mark Zagunis\zagunma01,26,CHC,NL,16,28,28,1,7,3,0,0,4,0,0,0,12,.250,.250,.357,.607,55,10,1,0,0,0,0,/97
761,Daniel Zamora*\zamorda01,26,NYM,NL,2,0,0,0,0,0,0,0,0,0,0,0,0,,,,,,0,0,0,0,0,0,/1
762,Ryan Zimmerman\zimmery01,34,WSN,NL,22,86,75,7,16,3,0,3,11,0,0,10,18,.213,.302,.373,.676,74,28,1,0,0,1,0,*3
763,Ben Zobrist#\zobribe01,38,CHC,NL,21,79,69,7,15,0,0,0,5,0,0,9,10,.217,.304,.217,.521,40,15,4,0,0,1,0,49/7D
764,Mike Zunino\zuninmi01,28,TBR,AL,18,66,63,7,15,5,1,2,12,0,0,3,15,.238,.273,.444,.717,90,28,0,0,0,0,0,*2
,LgAvg per 600 PA,,,,196,600,532,74,131,27,2,21,70,8,3,55,139,.246,.322,.424,.747,,226,11,7,2,4,3